TRACE::2026-09-28.19:27:06::SCWPlatform::Trying to open the hw design at C:/Users/Char/Documents/ECE_520/Fall_26/axi_gpio_caa/axi_gpio_vitis/axi_gpio_plat/hw/axi_gpio_caa_wrapper.xsa
TRACE::2026-09-28.19:27:06::SCWPlatform::DSA given C:/Users/Char/Documents/ECE_520/Fall_26/axi_gpio_caa/axi_gpio_vitis/axi_gpio_plat/hw/axi_gpio_caa_wrapper.xsa
TRACE::2026-09-28.19:27:06::SCWPlatform::DSA absoulate path C:/Users/Char/Documents/ECE_520/Fall_26/axi_gpio_caa/axi_gpio_vitis/axi_gpio_plat/hw/axi_gpio_caa_wrapper.xsa
TRACE::2026-09-28.19:27:06::SCWPlatform::DSA directory C:/Users/Char/Documents/ECE_520/Fall_26/axi_gpio_caa/axi_gpio_vitis/axi_gpio_plat/hw
TRACE::2026-09-28.19:27:06::SCWPlatform:: Platform Path C:/Users/Char/Documents/ECE_520/Fall_26/axi_gpio_caa/axi_gpio_vitis/axi_gpio_plat/hw/axi_gpio_caa_wrapper.xsa
TRACE::2026-09-28.19:27:06::SCWPlatform:: Unique name xilinx:zybo-z7-10::0.0
TRACE::2026-09-28.19:27:06::SCWPlatform::Do not have an existing db opened. 
TRACE::2026-09-28.19:27:08::SCWPlatform::Opened new HwDB with name axi_gpio_caa_wrapper_5
TRACE::2026-09-28.19:27:08::SCWWriter::formatted JSON is {
	"platformName":	"axi_gpio_plat",
	"sprVersion":	"2.0",
	"mode":	"gui",
	"dsaType":	"Fixed",
	"platformDesc":	"axi_gpio_plat",
	"platHandOff":	"C:/Users/Char/Documents/ECE_520/Fall_26/axi_gpio_caa/axi_gpio_caa_wrapper.xsa",
	"platIntHandOff":	"<platformDir>/hw/axi_gpio_caa_wrapper.xsa",
	"deviceType":	"zynq",
	"platIsPrebuiltAutogen":	"false",
	"platIsNoBootBsp":	"false",
	"hasFsblMakeHasChanges":	"false",
	"hasPmufwMakeHasChanges":	"false",
	"platPreBuiltFlag":	false,
	"platformSamplesDir":	""
}
TRACE::2026-09-28.19:27:08::SCWWriter::formatted JSON is {
	"platformName":	"axi_gpio_plat",
	"sprVersion":	"2.0",
	"mode":	"gui",
	"dsaType":	"Fixed",
	"platformDesc":	"axi_gpio_plat",
	"platHandOff":	"C:/Users/Char/Documents/ECE_520/Fall_26/axi_gpio_caa/axi_gpio_caa_wrapper.xsa",
	"platIntHandOff":	"<platformDir>/hw/axi_gpio_caa_wrapper.xsa",
	"deviceType":	"zynq",
	"platIsPrebuiltAutogen":	"false",
	"platIsNoBootBsp":	"false",
	"hasFsblMakeHasChanges":	"false",
	"hasPmufwMakeHasChanges":	"false",
	"platPreBuiltFlag":	false,
	"platformSamplesDir":	"",
	"platActiveSys":	"axi_gpio_plat",
	"systems":	[{
			"systemName":	"axi_gpio_plat",
			"systemDesc":	"axi_gpio_plat",
			"sysIsBootAutoGen":	"true",
			"systemDispName":	"axi_gpio_plat"
		}]
}
TRACE::2026-09-28.19:27:08::SCWPlatform::Boot application domains not present, creating them
TRACE::2026-09-28.19:27:08::SCWDomain::checking for install qemu data   : 
TRACE::2026-09-28.19:27:08::SCWDomain:: Using the QEMU Data from install at  : C:/Xilinx/Vitis/2023.1/data/emulation/platforms/zynq/sw/a9_standalone/qemu/
TRACE::2026-09-28.19:27:08::SCWDomain:: Using the QEMU args  from install at  : C:/Xilinx/Vitis/2023.1/data/emulation/platforms/zynq/sw/a9_standalone/qemu/qemu_args.txt
TRACE::2026-09-28.19:27:08::SCWPlatform::Trying to open the hw design at C:/Users/Char/Documents/ECE_520/Fall_26/axi_gpio_caa/axi_gpio_vitis/axi_gpio_plat/hw/axi_gpio_caa_wrapper.xsa
TRACE::2026-09-28.19:27:08::SCWPlatform::DSA given C:/Users/Char/Documents/ECE_520/Fall_26/axi_gpio_caa/axi_gpio_vitis/axi_gpio_plat/hw/axi_gpio_caa_wrapper.xsa
TRACE::2026-09-28.19:27:08::SCWPlatform::DSA absoulate path C:/Users/Char/Documents/ECE_520/Fall_26/axi_gpio_caa/axi_gpio_vitis/axi_gpio_plat/hw/axi_gpio_caa_wrapper.xsa
TRACE::2026-09-28.19:27:08::SCWPlatform::DSA directory C:/Users/Char/Documents/ECE_520/Fall_26/axi_gpio_caa/axi_gpio_vitis/axi_gpio_plat/hw
TRACE::2026-09-28.19:27:08::SCWPlatform:: Platform Path C:/Users/Char/Documents/ECE_520/Fall_26/axi_gpio_caa/axi_gpio_vitis/axi_gpio_plat/hw/axi_gpio_caa_wrapper.xsa
TRACE::2026-09-28.19:27:08::SCWPlatform:: Unique name xilinx:zybo-z7-10::0.0
TRACE::2026-09-28.19:27:08::SCWPlatform::Trying to set the existing hwdb with name axi_gpio_caa_wrapper_5
TRACE::2026-09-28.19:27:08::SCWPlatform::Opened existing hwdb axi_gpio_caa_wrapper_5
TRACE::2026-09-28.19:27:08::SCWPlatform::Found the Hw Db part of the input DSA
TRACE::2026-09-28.19:27:08::SCWPlatform::Trying to open the hw design at C:/Users/Char/Documents/ECE_520/Fall_26/axi_gpio_caa/axi_gpio_vitis/axi_gpio_plat/hw/axi_gpio_caa_wrapper.xsa
TRACE::2026-09-28.19:27:08::SCWPlatform::DSA given C:/Users/Char/Documents/ECE_520/Fall_26/axi_gpio_caa/axi_gpio_vitis/axi_gpio_plat/hw/axi_gpio_caa_wrapper.xsa
TRACE::2026-09-28.19:27:08::SCWPlatform::DSA absoulate path C:/Users/Char/Documents/ECE_520/Fall_26/axi_gpio_caa/axi_gpio_vitis/axi_gpio_plat/hw/axi_gpio_caa_wrapper.xsa
TRACE::2026-09-28.19:27:08::SCWPlatform::DSA directory C:/Users/Char/Documents/ECE_520/Fall_26/axi_gpio_caa/axi_gpio_vitis/axi_gpio_plat/hw
TRACE::2026-09-28.19:27:08::SCWPlatform:: Platform Path C:/Users/Char/Documents/ECE_520/Fall_26/axi_gpio_caa/axi_gpio_vitis/axi_gpio_plat/hw/axi_gpio_caa_wrapper.xsa
TRACE::2026-09-28.19:27:08::SCWPlatform:: Unique name xilinx:zybo-z7-10::0.0
TRACE::2026-09-28.19:27:08::SCWPlatform::Trying to set the existing hwdb with name axi_gpio_caa_wrapper_5
TRACE::2026-09-28.19:27:08::SCWPlatform::Opened existing hwdb axi_gpio_caa_wrapper_5
TRACE::2026-09-28.19:27:08::SCWPlatform::Found the Hw Db part of the input DSA
TRACE::2026-09-28.19:27:08::SCWPlatform::Trying to open the hw design at C:/Users/Char/Documents/ECE_520/Fall_26/axi_gpio_caa/axi_gpio_vitis/axi_gpio_plat/hw/axi_gpio_caa_wrapper.xsa
TRACE::2026-09-28.19:27:08::SCWPlatform::DSA given C:/Users/Char/Documents/ECE_520/Fall_26/axi_gpio_caa/axi_gpio_vitis/axi_gpio_plat/hw/axi_gpio_caa_wrapper.xsa
TRACE::2026-09-28.19:27:08::SCWPlatform::DSA absoulate path C:/Users/Char/Documents/ECE_520/Fall_26/axi_gpio_caa/axi_gpio_vitis/axi_gpio_plat/hw/axi_gpio_caa_wrapper.xsa
TRACE::2026-09-28.19:27:08::SCWPlatform::DSA directory C:/Users/Char/Documents/ECE_520/Fall_26/axi_gpio_caa/axi_gpio_vitis/axi_gpio_plat/hw
TRACE::2026-09-28.19:27:08::SCWPlatform:: Platform Path C:/Users/Char/Documents/ECE_520/Fall_26/axi_gpio_caa/axi_gpio_vitis/axi_gpio_plat/hw/axi_gpio_caa_wrapper.xsa
TRACE::2026-09-28.19:27:08::SCWPlatform:: Unique name xilinx:zybo-z7-10::0.0
TRACE::2026-09-28.19:27:08::SCWPlatform::Trying to set the existing hwdb with name axi_gpio_caa_wrapper_5
TRACE::2026-09-28.19:27:08::SCWPlatform::Opened existing hwdb axi_gpio_caa_wrapper_5
TRACE::2026-09-28.19:27:08::SCWPlatform::Found the Hw Db part of the input DSA
TRACE::2026-09-28.19:27:08::SCWPlatform::Boot application domain added for zynq_fsbl
TRACE::2026-09-28.19:27:08::SCWPlatform::Generating the sources  .
TRACE::2026-09-28.19:27:08::SCWBDomain::Generating boot domain sources.
TRACE::2026-09-28.19:27:08::SCWBDomain:: Generating the zynq_fsbl Application.
TRACE::2026-09-28.19:27:08::SCWPlatform::Trying to open the hw design at C:/Users/Char/Documents/ECE_520/Fall_26/axi_gpio_caa/axi_gpio_vitis/axi_gpio_plat/hw/axi_gpio_caa_wrapper.xsa
TRACE::2026-09-28.19:27:08::SCWPlatform::DSA given C:/Users/Char/Documents/ECE_520/Fall_26/axi_gpio_caa/axi_gpio_vitis/axi_gpio_plat/hw/axi_gpio_caa_wrapper.xsa
TRACE::2026-09-28.19:27:08::SCWPlatform::DSA absoulate path C:/Users/Char/Documents/ECE_520/Fall_26/axi_gpio_caa/axi_gpio_vitis/axi_gpio_plat/hw/axi_gpio_caa_wrapper.xsa
TRACE::2026-09-28.19:27:08::SCWPlatform::DSA directory C:/Users/Char/Documents/ECE_520/Fall_26/axi_gpio_caa/axi_gpio_vitis/axi_gpio_plat/hw
TRACE::2026-09-28.19:27:08::SCWPlatform:: Platform Path C:/Users/Char/Documents/ECE_520/Fall_26/axi_gpio_caa/axi_gpio_vitis/axi_gpio_plat/hw/axi_gpio_caa_wrapper.xsa
TRACE::2026-09-28.19:27:08::SCWPlatform:: Unique name xilinx:zybo-z7-10::0.0
TRACE::2026-09-28.19:27:08::SCWPlatform::Trying to set the existing hwdb with name axi_gpio_caa_wrapper_5
TRACE::2026-09-28.19:27:08::SCWPlatform::Opened existing hwdb axi_gpio_caa_wrapper_5
TRACE::2026-09-28.19:27:08::SCWPlatform::Found the Hw Db part of the input DSA
TRACE::2026-09-28.19:27:08::SCWMssOS::Checking the sw design at  C:/Users/Char/Documents/ECE_520/Fall_26/axi_gpio_caa/axi_gpio_vitis/axi_gpio_plat/zynq_fsbl/zynq_fsbl_bsp/system.mss
TRACE::2026-09-28.19:27:08::SCWMssOS::DEBUG:  swdes dump  
TRACE::2026-09-28.19:27:08::SCWMssOS::No sw design opened at  C:/Users/Char/Documents/ECE_520/Fall_26/axi_gpio_caa/axi_gpio_vitis/axi_gpio_plat/zynq_fsbl/zynq_fsbl_bsp/system.mss
TRACE::2026-09-28.19:27:08::SCWMssOS::mss does not exists at C:/Users/Char/Documents/ECE_520/Fall_26/axi_gpio_caa/axi_gpio_vitis/axi_gpio_plat/zynq_fsbl/zynq_fsbl_bsp/system.mss
TRACE::2026-09-28.19:27:08::SCWMssOS::Creating sw design at  C:/Users/Char/Documents/ECE_520/Fall_26/axi_gpio_caa/axi_gpio_vitis/axi_gpio_plat/zynq_fsbl/zynq_fsbl_bsp/system.mss
TRACE::2026-09-28.19:27:08::SCWMssOS::Adding the swdes entry, created swdb C:/Users/Char/Documents/ECE_520/Fall_26/axi_gpio_caa/axi_gpio_vitis/axi_gpio_plat/zynq_fsbl/zynq_fsbl_bsp/system.mss with des name C:/Users/Char/Documents/ECE_520/Fall_26/axi_gpio_caa/axi_gpio_vitis/axi_gpio_plat/zynq_fsbl/zynq_fsbl_bsp/system.mss
TRACE::2026-09-28.19:27:08::SCWMssOS::updating the scw layer changes to swdes at   C:/Users/Char/Documents/ECE_520/Fall_26/axi_gpio_caa/axi_gpio_vitis/axi_gpio_plat/zynq_fsbl/zynq_fsbl_bsp/system.mss
TRACE::2026-09-28.19:27:08::SCWMssOS::Writing mss at C:/Users/Char/Documents/ECE_520/Fall_26/axi_gpio_caa/axi_gpio_vitis/axi_gpio_plat/zynq_fsbl/zynq_fsbl_bsp/system.mss
TRACE::2026-09-28.19:27:08::SCWMssOS::Completed writing the mss file at C:/Users/Char/Documents/ECE_520/Fall_26/axi_gpio_caa/axi_gpio_vitis/axi_gpio_plat/zynq_fsbl/zynq_fsbl_bsp
TRACE::2026-09-28.19:27:08::SCWMssOS::Picking up changes from newly written mss file into SCW Layer. 
TRACE::2026-09-28.19:27:08::SCWMssOS::Updated the changes from newly written mss file into SCW Layer. 
TRACE::2026-09-28.19:27:08::SCWBDomain::Completed writing the mss file at C:/Users/Char/Documents/ECE_520/Fall_26/axi_gpio_caa/axi_gpio_vitis/axi_gpio_plat/zynq_fsbl/zynq_fsbl_bsp
TRACE::2026-09-28.19:27:14::SCWPlatform::Generating sources Done.
TRACE::2026-09-28.19:27:14::SCWPlatform::Trying to open the hw design at C:/Users/Char/Documents/ECE_520/Fall_26/axi_gpio_caa/axi_gpio_vitis/axi_gpio_plat/hw/axi_gpio_caa_wrapper.xsa
TRACE::2026-09-28.19:27:14::SCWPlatform::DSA given C:/Users/Char/Documents/ECE_520/Fall_26/axi_gpio_caa/axi_gpio_vitis/axi_gpio_plat/hw/axi_gpio_caa_wrapper.xsa
TRACE::2026-09-28.19:27:14::SCWPlatform::DSA absoulate path C:/Users/Char/Documents/ECE_520/Fall_26/axi_gpio_caa/axi_gpio_vitis/axi_gpio_plat/hw/axi_gpio_caa_wrapper.xsa
TRACE::2026-09-28.19:27:14::SCWPlatform::DSA directory C:/Users/Char/Documents/ECE_520/Fall_26/axi_gpio_caa/axi_gpio_vitis/axi_gpio_plat/hw
TRACE::2026-09-28.19:27:14::SCWPlatform:: Platform Path C:/Users/Char/Documents/ECE_520/Fall_26/axi_gpio_caa/axi_gpio_vitis/axi_gpio_plat/hw/axi_gpio_caa_wrapper.xsa
TRACE::2026-09-28.19:27:14::SCWPlatform:: Unique name xilinx:zybo-z7-10::0.0
TRACE::2026-09-28.19:27:14::SCWPlatform::Trying to set the existing hwdb with name axi_gpio_caa_wrapper_5
TRACE::2026-09-28.19:27:14::SCWPlatform::Opened existing hwdb axi_gpio_caa_wrapper_5
TRACE::2026-09-28.19:27:14::SCWPlatform::Found the Hw Db part of the input DSA
TRACE::2026-09-28.19:27:14::SCWMssOS::Checking the sw design at  C:/Users/Char/Documents/ECE_520/Fall_26/axi_gpio_caa/axi_gpio_vitis/axi_gpio_plat/zynq_fsbl/zynq_fsbl_bsp/system.mss
TRACE::2026-09-28.19:27:14::SCWMssOS::DEBUG:  swdes dump  
TRACE::2026-09-28.19:27:14::SCWMssOS::No sw design opened at  C:/Users/Char/Documents/ECE_520/Fall_26/axi_gpio_caa/axi_gpio_vitis/axi_gpio_plat/zynq_fsbl/zynq_fsbl_bsp/system.mss
TRACE::2026-09-28.19:27:14::SCWMssOS::mss exists loading the mss file  C:/Users/Char/Documents/ECE_520/Fall_26/axi_gpio_caa/axi_gpio_vitis/axi_gpio_plat/zynq_fsbl/zynq_fsbl_bsp/system.mss
TRACE::2026-09-28.19:27:14::SCWMssOS::Opened the sw design from mss  C:/Users/Char/Documents/ECE_520/Fall_26/axi_gpio_caa/axi_gpio_vitis/axi_gpio_plat/zynq_fsbl/zynq_fsbl_bsp/system.mss
TRACE::2026-09-28.19:27:14::SCWMssOS::Adding the swdes entry C:/Users/Char/Documents/ECE_520/Fall_26/axi_gpio_caa/axi_gpio_vitis/axi_gpio_plat/zynq_fsbl/zynq_fsbl_bsp/system.mss with des name system
TRACE::2026-09-28.19:27:14::SCWMssOS::updating the scw layer about changes
TRACE::2026-09-28.19:27:14::SCWMssOS::Opened the sw design.  C:/Users/Char/Documents/ECE_520/Fall_26/axi_gpio_caa/axi_gpio_vitis/axi_gpio_plat/zynq_fsbl/zynq_fsbl_bsp/system.mss
TRACE::2026-09-28.19:27:14::SCWMssOS::Saving the mss changes C:/Users/Char/Documents/ECE_520/Fall_26/axi_gpio_caa/axi_gpio_vitis/axi_gpio_plat/zynq_fsbl/zynq_fsbl_bsp/system.mss
TRACE::2026-09-28.19:27:14::SCWMssOS::Found a swdesign opened with the mssfile.
TRACE::2026-09-28.19:27:14::SCWMssOS::Completed writemss as part of save.
TRACE::2026-09-28.19:27:14::SCWMssOS::Commit changes completed.
TRACE::2026-09-28.19:27:14::SCWPlatform::Trying to open the hw design at C:/Users/Char/Documents/ECE_520/Fall_26/axi_gpio_caa/axi_gpio_vitis/axi_gpio_plat/hw/axi_gpio_caa_wrapper.xsa
TRACE::2026-09-28.19:27:14::SCWPlatform::DSA given C:/Users/Char/Documents/ECE_520/Fall_26/axi_gpio_caa/axi_gpio_vitis/axi_gpio_plat/hw/axi_gpio_caa_wrapper.xsa
TRACE::2026-09-28.19:27:14::SCWPlatform::DSA absoulate path C:/Users/Char/Documents/ECE_520/Fall_26/axi_gpio_caa/axi_gpio_vitis/axi_gpio_plat/hw/axi_gpio_caa_wrapper.xsa
TRACE::2026-09-28.19:27:14::SCWPlatform::DSA directory C:/Users/Char/Documents/ECE_520/Fall_26/axi_gpio_caa/axi_gpio_vitis/axi_gpio_plat/hw
TRACE::2026-09-28.19:27:14::SCWPlatform:: Platform Path C:/Users/Char/Documents/ECE_520/Fall_26/axi_gpio_caa/axi_gpio_vitis/axi_gpio_plat/hw/axi_gpio_caa_wrapper.xsa
TRACE::2026-09-28.19:27:14::SCWPlatform:: Unique name xilinx:zybo-z7-10::0.0
TRACE::2026-09-28.19:27:14::SCWPlatform::Trying to set the existing hwdb with name axi_gpio_caa_wrapper_5
TRACE::2026-09-28.19:27:14::SCWPlatform::Opened existing hwdb axi_gpio_caa_wrapper_5
TRACE::2026-09-28.19:27:14::SCWPlatform::Found the Hw Db part of the input DSA
TRACE::2026-09-28.19:27:14::SCWMssOS::Checking the sw design at  C:/Users/Char/Documents/ECE_520/Fall_26/axi_gpio_caa/axi_gpio_vitis/axi_gpio_plat/zynq_fsbl/zynq_fsbl_bsp/system.mss
TRACE::2026-09-28.19:27:14::SCWMssOS::DEBUG:  swdes dump  C:/Users/Char/Documents/ECE_520/Fall_26/axi_gpio_caa/axi_gpio_vitis/axi_gpio_plat/zynq_fsbl/zynq_fsbl_bsp/system.mss|system||

TRACE::2026-09-28.19:27:14::SCWMssOS::Sw design exists and opened at  C:/Users/Char/Documents/ECE_520/Fall_26/axi_gpio_caa/axi_gpio_vitis/axi_gpio_plat/zynq_fsbl/zynq_fsbl_bsp/system.mss
TRACE::2026-09-28.19:27:14::SCWPlatform::Trying to open the hw design at C:/Users/Char/Documents/ECE_520/Fall_26/axi_gpio_caa/axi_gpio_vitis/axi_gpio_plat/hw/axi_gpio_caa_wrapper.xsa
TRACE::2026-09-28.19:27:14::SCWPlatform::DSA given C:/Users/Char/Documents/ECE_520/Fall_26/axi_gpio_caa/axi_gpio_vitis/axi_gpio_plat/hw/axi_gpio_caa_wrapper.xsa
TRACE::2026-09-28.19:27:14::SCWPlatform::DSA absoulate path C:/Users/Char/Documents/ECE_520/Fall_26/axi_gpio_caa/axi_gpio_vitis/axi_gpio_plat/hw/axi_gpio_caa_wrapper.xsa
TRACE::2026-09-28.19:27:14::SCWPlatform::DSA directory C:/Users/Char/Documents/ECE_520/Fall_26/axi_gpio_caa/axi_gpio_vitis/axi_gpio_plat/hw
TRACE::2026-09-28.19:27:14::SCWPlatform:: Platform Path C:/Users/Char/Documents/ECE_520/Fall_26/axi_gpio_caa/axi_gpio_vitis/axi_gpio_plat/hw/axi_gpio_caa_wrapper.xsa
TRACE::2026-09-28.19:27:14::SCWPlatform:: Unique name xilinx:zybo-z7-10::0.0
TRACE::2026-09-28.19:27:14::SCWPlatform::Trying to set the existing hwdb with name axi_gpio_caa_wrapper_5
TRACE::2026-09-28.19:27:14::SCWPlatform::Opened existing hwdb axi_gpio_caa_wrapper_5
TRACE::2026-09-28.19:27:14::SCWPlatform::Found the Hw Db part of the input DSA
TRACE::2026-09-28.19:27:14::SCWMssOS::Checking the sw design at  C:/Users/Char/Documents/ECE_520/Fall_26/axi_gpio_caa/axi_gpio_vitis/axi_gpio_plat/zynq_fsbl/zynq_fsbl_bsp/system.mss
TRACE::2026-09-28.19:27:14::SCWMssOS::DEBUG:  swdes dump  C:/Users/Char/Documents/ECE_520/Fall_26/axi_gpio_caa/axi_gpio_vitis/axi_gpio_plat/zynq_fsbl/zynq_fsbl_bsp/system.mss|system||

TRACE::2026-09-28.19:27:14::SCWMssOS::Sw design exists and opened at  C:/Users/Char/Documents/ECE_520/Fall_26/axi_gpio_caa/axi_gpio_vitis/axi_gpio_plat/zynq_fsbl/zynq_fsbl_bsp/system.mss
TRACE::2026-09-28.19:27:14::SCWPlatform::Trying to open the hw design at C:/Users/Char/Documents/ECE_520/Fall_26/axi_gpio_caa/axi_gpio_vitis/axi_gpio_plat/hw/axi_gpio_caa_wrapper.xsa
TRACE::2026-09-28.19:27:14::SCWPlatform::DSA given C:/Users/Char/Documents/ECE_520/Fall_26/axi_gpio_caa/axi_gpio_vitis/axi_gpio_plat/hw/axi_gpio_caa_wrapper.xsa
TRACE::2026-09-28.19:27:14::SCWPlatform::DSA absoulate path C:/Users/Char/Documents/ECE_520/Fall_26/axi_gpio_caa/axi_gpio_vitis/axi_gpio_plat/hw/axi_gpio_caa_wrapper.xsa
TRACE::2026-09-28.19:27:14::SCWPlatform::DSA directory C:/Users/Char/Documents/ECE_520/Fall_26/axi_gpio_caa/axi_gpio_vitis/axi_gpio_plat/hw
TRACE::2026-09-28.19:27:14::SCWPlatform:: Platform Path C:/Users/Char/Documents/ECE_520/Fall_26/axi_gpio_caa/axi_gpio_vitis/axi_gpio_plat/hw/axi_gpio_caa_wrapper.xsa
TRACE::2026-09-28.19:27:14::SCWPlatform:: Unique name xilinx:zybo-z7-10::0.0
TRACE::2026-09-28.19:27:14::SCWPlatform::Trying to set the existing hwdb with name axi_gpio_caa_wrapper_5
TRACE::2026-09-28.19:27:14::SCWPlatform::Opened existing hwdb axi_gpio_caa_wrapper_5
TRACE::2026-09-28.19:27:14::SCWPlatform::Found the Hw Db part of the input DSA
TRACE::2026-09-28.19:27:14::SCWMssOS::Checking the sw design at  C:/Users/Char/Documents/ECE_520/Fall_26/axi_gpio_caa/axi_gpio_vitis/axi_gpio_plat/zynq_fsbl/zynq_fsbl_bsp/system.mss
TRACE::2026-09-28.19:27:14::SCWMssOS::DEBUG:  swdes dump  C:/Users/Char/Documents/ECE_520/Fall_26/axi_gpio_caa/axi_gpio_vitis/axi_gpio_plat/zynq_fsbl/zynq_fsbl_bsp/system.mss|system||

TRACE::2026-09-28.19:27:14::SCWMssOS::Sw design exists and opened at  C:/Users/Char/Documents/ECE_520/Fall_26/axi_gpio_caa/axi_gpio_vitis/axi_gpio_plat/zynq_fsbl/zynq_fsbl_bsp/system.mss
TRACE::2026-09-28.19:27:14::SCWWriter::formatted JSON is {
	"platformName":	"axi_gpio_plat",
	"sprVersion":	"2.0",
	"mode":	"gui",
	"dsaType":	"Fixed",
	"platformDesc":	"axi_gpio_plat",
	"platHandOff":	"C:/Users/Char/Documents/ECE_520/Fall_26/axi_gpio_caa/axi_gpio_caa_wrapper.xsa",
	"platIntHandOff":	"<platformDir>/hw/axi_gpio_caa_wrapper.xsa",
	"deviceType":	"zynq",
	"platIsPrebuiltAutogen":	"false",
	"platIsNoBootBsp":	"false",
	"platFsblTarget":	"ps7_cortexa9_0",
	"hasFsblMakeHasChanges":	"false",
	"hasPmufwMakeHasChanges":	"false",
	"fsblExtraCompilerFlags":	"-MMD -MP       -mcpu=cortex-a9 -mfpu=vfpv3 -mfloat-abi=hard ",
	"platPreBuiltFlag":	false,
	"platformSamplesDir":	"",
	"platActiveSys":	"axi_gpio_plat",
	"systems":	[{
			"systemName":	"axi_gpio_plat",
			"systemDesc":	"axi_gpio_plat",
			"sysIsBootAutoGen":	"true",
			"systemDispName":	"axi_gpio_plat",
			"sysActiveDom":	"zynq_fsbl",
			"sysDefaultDom":	"",
			"domains":	[{
					"domainName":	"zynq_fsbl",
					"domainDispName":	"zynq_fsbl",
					"domainDesc":	"FSBL Application BSP - Auto Generated.",
					"processors":	"ps7_cortexa9_0",
					"os":	"standalone",
					"sdxOs":	"standalone",
					"debugEnable":	"",
					"domRuntimes":	["cpp"],
					"swRepo":	"",
					"mssOsVer":	"8.1",
					"mssFile":	"",
					"md5Digest":	"65693ccea2e90031f2dc4733d5bd991b",
					"compatibleApp":	"zynq_fsbl",
					"domType":	"bootDomain",
					"arch":	"32-bit",
					"appSettings":	{
						"appCompilerFlags":	"",
						"appLinkerFlags":	""
					},
					"addedLibs":	["xilffs:5.0", "xilrsa:1.6"],
					"libOptions":	{
						"libsContainingOptions":	[]
					},
					"prebuiltLibs":	{
						"prebuiltIncPath":	[],
						"prebuiltLibPath":	[]
					},
					"isolation":	{
					}
				}]
		}]
}
TRACE::2026-09-28.19:27:14::SCWPlatform::Trying to open the hw design at C:/Users/Char/Documents/ECE_520/Fall_26/axi_gpio_caa/axi_gpio_vitis/axi_gpio_plat/hw/axi_gpio_caa_wrapper.xsa
TRACE::2026-09-28.19:27:14::SCWPlatform::DSA given C:/Users/Char/Documents/ECE_520/Fall_26/axi_gpio_caa/axi_gpio_vitis/axi_gpio_plat/hw/axi_gpio_caa_wrapper.xsa
TRACE::2026-09-28.19:27:14::SCWPlatform::DSA absoulate path C:/Users/Char/Documents/ECE_520/Fall_26/axi_gpio_caa/axi_gpio_vitis/axi_gpio_plat/hw/axi_gpio_caa_wrapper.xsa
TRACE::2026-09-28.19:27:14::SCWPlatform::DSA directory C:/Users/Char/Documents/ECE_520/Fall_26/axi_gpio_caa/axi_gpio_vitis/axi_gpio_plat/hw
TRACE::2026-09-28.19:27:14::SCWPlatform:: Platform Path C:/Users/Char/Documents/ECE_520/Fall_26/axi_gpio_caa/axi_gpio_vitis/axi_gpio_plat/hw/axi_gpio_caa_wrapper.xsa
TRACE::2026-09-28.19:27:14::SCWPlatform:: Unique name xilinx:zybo-z7-10::0.0
TRACE::2026-09-28.19:27:14::SCWPlatform::Trying to set the existing hwdb with name axi_gpio_caa_wrapper_5
TRACE::2026-09-28.19:27:14::SCWPlatform::Opened existing hwdb axi_gpio_caa_wrapper_5
TRACE::2026-09-28.19:27:14::SCWPlatform::Found the Hw Db part of the input DSA
TRACE::2026-09-28.19:27:14::SCWPlatform::Trying to open the hw design at C:/Users/Char/Documents/ECE_520/Fall_26/axi_gpio_caa/axi_gpio_vitis/axi_gpio_plat/hw/axi_gpio_caa_wrapper.xsa
TRACE::2026-09-28.19:27:14::SCWPlatform::DSA given C:/Users/Char/Documents/ECE_520/Fall_26/axi_gpio_caa/axi_gpio_vitis/axi_gpio_plat/hw/axi_gpio_caa_wrapper.xsa
TRACE::2026-09-28.19:27:14::SCWPlatform::DSA absoulate path C:/Users/Char/Documents/ECE_520/Fall_26/axi_gpio_caa/axi_gpio_vitis/axi_gpio_plat/hw/axi_gpio_caa_wrapper.xsa
TRACE::2026-09-28.19:27:14::SCWPlatform::DSA directory C:/Users/Char/Documents/ECE_520/Fall_26/axi_gpio_caa/axi_gpio_vitis/axi_gpio_plat/hw
TRACE::2026-09-28.19:27:14::SCWPlatform:: Platform Path C:/Users/Char/Documents/ECE_520/Fall_26/axi_gpio_caa/axi_gpio_vitis/axi_gpio_plat/hw/axi_gpio_caa_wrapper.xsa
TRACE::2026-09-28.19:27:14::SCWPlatform:: Unique name xilinx:zybo-z7-10::0.0
TRACE::2026-09-28.19:27:14::SCWPlatform::Trying to set the existing hwdb with name axi_gpio_caa_wrapper_5
TRACE::2026-09-28.19:27:14::SCWPlatform::Opened existing hwdb axi_gpio_caa_wrapper_5
TRACE::2026-09-28.19:27:14::SCWPlatform::Found the Hw Db part of the input DSA
TRACE::2026-09-28.19:27:14::SCWDomain::checking for install qemu data   : 
TRACE::2026-09-28.19:27:14::SCWDomain:: Using the QEMU Data from install at  : C:/Xilinx/Vitis/2023.1/data/emulation/platforms/zynq/sw/a9_standalone/qemu/
TRACE::2026-09-28.19:27:14::SCWDomain:: Using the QEMU args  from install at  : C:/Xilinx/Vitis/2023.1/data/emulation/platforms/zynq/sw/a9_standalone/qemu/qemu_args.txt
TRACE::2026-09-28.19:27:14::SCWPlatform::Trying to open the hw design at C:/Users/Char/Documents/ECE_520/Fall_26/axi_gpio_caa/axi_gpio_vitis/axi_gpio_plat/hw/axi_gpio_caa_wrapper.xsa
TRACE::2026-09-28.19:27:14::SCWPlatform::DSA given C:/Users/Char/Documents/ECE_520/Fall_26/axi_gpio_caa/axi_gpio_vitis/axi_gpio_plat/hw/axi_gpio_caa_wrapper.xsa
TRACE::2026-09-28.19:27:14::SCWPlatform::DSA absoulate path C:/Users/Char/Documents/ECE_520/Fall_26/axi_gpio_caa/axi_gpio_vitis/axi_gpio_plat/hw/axi_gpio_caa_wrapper.xsa
TRACE::2026-09-28.19:27:14::SCWPlatform::DSA directory C:/Users/Char/Documents/ECE_520/Fall_26/axi_gpio_caa/axi_gpio_vitis/axi_gpio_plat/hw
TRACE::2026-09-28.19:27:14::SCWPlatform:: Platform Path C:/Users/Char/Documents/ECE_520/Fall_26/axi_gpio_caa/axi_gpio_vitis/axi_gpio_plat/hw/axi_gpio_caa_wrapper.xsa
TRACE::2026-09-28.19:27:14::SCWPlatform:: Unique name xilinx:zybo-z7-10::0.0
TRACE::2026-09-28.19:27:14::SCWPlatform::Trying to set the existing hwdb with name axi_gpio_caa_wrapper_5
TRACE::2026-09-28.19:27:14::SCWPlatform::Opened existing hwdb axi_gpio_caa_wrapper_5
TRACE::2026-09-28.19:27:14::SCWPlatform::Found the Hw Db part of the input DSA
TRACE::2026-09-28.19:27:14::SCWPlatform::Trying to open the hw design at C:/Users/Char/Documents/ECE_520/Fall_26/axi_gpio_caa/axi_gpio_vitis/axi_gpio_plat/hw/axi_gpio_caa_wrapper.xsa
TRACE::2026-09-28.19:27:14::SCWPlatform::DSA given C:/Users/Char/Documents/ECE_520/Fall_26/axi_gpio_caa/axi_gpio_vitis/axi_gpio_plat/hw/axi_gpio_caa_wrapper.xsa
TRACE::2026-09-28.19:27:14::SCWPlatform::DSA absoulate path C:/Users/Char/Documents/ECE_520/Fall_26/axi_gpio_caa/axi_gpio_vitis/axi_gpio_plat/hw/axi_gpio_caa_wrapper.xsa
TRACE::2026-09-28.19:27:14::SCWPlatform::DSA directory C:/Users/Char/Documents/ECE_520/Fall_26/axi_gpio_caa/axi_gpio_vitis/axi_gpio_plat/hw
TRACE::2026-09-28.19:27:14::SCWPlatform:: Platform Path C:/Users/Char/Documents/ECE_520/Fall_26/axi_gpio_caa/axi_gpio_vitis/axi_gpio_plat/hw/axi_gpio_caa_wrapper.xsa
TRACE::2026-09-28.19:27:14::SCWPlatform:: Unique name xilinx:zybo-z7-10::0.0
TRACE::2026-09-28.19:27:14::SCWPlatform::Trying to set the existing hwdb with name axi_gpio_caa_wrapper_5
TRACE::2026-09-28.19:27:14::SCWPlatform::Opened existing hwdb axi_gpio_caa_wrapper_5
TRACE::2026-09-28.19:27:14::SCWPlatform::Found the Hw Db part of the input DSA
TRACE::2026-09-28.19:27:14::SCWDomain::Qemu Directory name is changed from "" to "qemu"
TRACE::2026-09-28.19:27:14::SCWPlatform::Trying to open the hw design at C:/Users/Char/Documents/ECE_520/Fall_26/axi_gpio_caa/axi_gpio_vitis/axi_gpio_plat/hw/axi_gpio_caa_wrapper.xsa
TRACE::2026-09-28.19:27:14::SCWPlatform::DSA given C:/Users/Char/Documents/ECE_520/Fall_26/axi_gpio_caa/axi_gpio_vitis/axi_gpio_plat/hw/axi_gpio_caa_wrapper.xsa
TRACE::2026-09-28.19:27:14::SCWPlatform::DSA absoulate path C:/Users/Char/Documents/ECE_520/Fall_26/axi_gpio_caa/axi_gpio_vitis/axi_gpio_plat/hw/axi_gpio_caa_wrapper.xsa
TRACE::2026-09-28.19:27:14::SCWPlatform::DSA directory C:/Users/Char/Documents/ECE_520/Fall_26/axi_gpio_caa/axi_gpio_vitis/axi_gpio_plat/hw
TRACE::2026-09-28.19:27:14::SCWPlatform:: Platform Path C:/Users/Char/Documents/ECE_520/Fall_26/axi_gpio_caa/axi_gpio_vitis/axi_gpio_plat/hw/axi_gpio_caa_wrapper.xsa
TRACE::2026-09-28.19:27:14::SCWPlatform:: Unique name xilinx:zybo-z7-10::0.0
TRACE::2026-09-28.19:27:14::SCWPlatform::Trying to set the existing hwdb with name axi_gpio_caa_wrapper_5
TRACE::2026-09-28.19:27:14::SCWPlatform::Opened existing hwdb axi_gpio_caa_wrapper_5
TRACE::2026-09-28.19:27:14::SCWPlatform::Found the Hw Db part of the input DSA
TRACE::2026-09-28.19:27:14::SCWMssOS::Checking the sw design at  C:/Users/Char/Documents/ECE_520/Fall_26/axi_gpio_caa/axi_gpio_vitis/axi_gpio_plat/ps7_cortexa9_0/standalone_domain/bsp/system.mss
TRACE::2026-09-28.19:27:14::SCWMssOS::DEBUG:  swdes dump  C:/Users/Char/Documents/ECE_520/Fall_26/axi_gpio_caa/axi_gpio_vitis/axi_gpio_plat/zynq_fsbl/zynq_fsbl_bsp/system.mss|system||

TRACE::2026-09-28.19:27:14::SCWMssOS::No sw design opened at  C:/Users/Char/Documents/ECE_520/Fall_26/axi_gpio_caa/axi_gpio_vitis/axi_gpio_plat/ps7_cortexa9_0/standalone_domain/bsp/system.mss
TRACE::2026-09-28.19:27:14::SCWMssOS::mss does not exists at C:/Users/Char/Documents/ECE_520/Fall_26/axi_gpio_caa/axi_gpio_vitis/axi_gpio_plat/ps7_cortexa9_0/standalone_domain/bsp/system.mss
TRACE::2026-09-28.19:27:14::SCWMssOS::Creating sw design at  C:/Users/Char/Documents/ECE_520/Fall_26/axi_gpio_caa/axi_gpio_vitis/axi_gpio_plat/ps7_cortexa9_0/standalone_domain/bsp/system.mss
TRACE::2026-09-28.19:27:14::SCWMssOS::Adding the swdes entry, created swdb C:/Users/Char/Documents/ECE_520/Fall_26/axi_gpio_caa/axi_gpio_vitis/axi_gpio_plat/ps7_cortexa9_0/standalone_domain/bsp/system.mss with des name C:/Users/Char/Documents/ECE_520/Fall_26/axi_gpio_caa/axi_gpio_vitis/axi_gpio_plat/ps7_cortexa9_0/standalone_domain/bsp/system.mss
TRACE::2026-09-28.19:27:14::SCWMssOS::updating the scw layer changes to swdes at   C:/Users/Char/Documents/ECE_520/Fall_26/axi_gpio_caa/axi_gpio_vitis/axi_gpio_plat/ps7_cortexa9_0/standalone_domain/bsp/system.mss
TRACE::2026-09-28.19:27:14::SCWMssOS::Writing mss at C:/Users/Char/Documents/ECE_520/Fall_26/axi_gpio_caa/axi_gpio_vitis/axi_gpio_plat/ps7_cortexa9_0/standalone_domain/bsp/system.mss
TRACE::2026-09-28.19:27:14::SCWMssOS::Completed writing the mss file at C:/Users/Char/Documents/ECE_520/Fall_26/axi_gpio_caa/axi_gpio_vitis/axi_gpio_plat/ps7_cortexa9_0/standalone_domain/bsp
TRACE::2026-09-28.19:27:14::SCWMssOS::Picking up changes from newly written mss file into SCW Layer. 
TRACE::2026-09-28.19:27:14::SCWMssOS::Updated the changes from newly written mss file into SCW Layer. 
TRACE::2026-09-28.19:27:14::SCWMssOS::Completed writing the mss file at C:/Users/Char/Documents/ECE_520/Fall_26/axi_gpio_caa/axi_gpio_vitis/axi_gpio_plat/ps7_cortexa9_0/standalone_domain/bsp
TRACE::2026-09-28.19:27:14::SCWMssOS::Forcing BSP Sources regeneration.
TRACE::2026-09-28.19:27:15::SCWMssOS::Saving the mss changes C:/Users/Char/Documents/ECE_520/Fall_26/axi_gpio_caa/axi_gpio_vitis/axi_gpio_plat/zynq_fsbl/zynq_fsbl_bsp/system.mss
TRACE::2026-09-28.19:27:15::SCWMssOS::Found a swdesign opened with the mssfile.
TRACE::2026-09-28.19:27:15::SCWMssOS::Completed writemss as part of save.
TRACE::2026-09-28.19:27:15::SCWMssOS::Commit changes completed.
TRACE::2026-09-28.19:27:15::SCWMssOS::Saving the mss changes C:/Users/Char/Documents/ECE_520/Fall_26/axi_gpio_caa/axi_gpio_vitis/axi_gpio_plat/ps7_cortexa9_0/standalone_domain/bsp/system.mss
TRACE::2026-09-28.19:27:15::SCWMssOS::Adding the swdes entry, mss present, able to open swdb C:/Users/Char/Documents/ECE_520/Fall_26/axi_gpio_caa/axi_gpio_vitis/axi_gpio_plat/ps7_cortexa9_0/standalone_domain/bsp/system.mss with des name system_0
TRACE::2026-09-28.19:27:15::SCWMssOS::Writing the mss file completed C:/Users/Char/Documents/ECE_520/Fall_26/axi_gpio_caa/axi_gpio_vitis/axi_gpio_plat/ps7_cortexa9_0/standalone_domain/bsp/system.mss
TRACE::2026-09-28.19:27:15::SCWMssOS::Commit changes completed.
TRACE::2026-09-28.19:27:15::SCWPlatform::Trying to open the hw design at C:/Users/Char/Documents/ECE_520/Fall_26/axi_gpio_caa/axi_gpio_vitis/axi_gpio_plat/hw/axi_gpio_caa_wrapper.xsa
TRACE::2026-09-28.19:27:15::SCWPlatform::DSA given C:/Users/Char/Documents/ECE_520/Fall_26/axi_gpio_caa/axi_gpio_vitis/axi_gpio_plat/hw/axi_gpio_caa_wrapper.xsa
TRACE::2026-09-28.19:27:15::SCWPlatform::DSA absoulate path C:/Users/Char/Documents/ECE_520/Fall_26/axi_gpio_caa/axi_gpio_vitis/axi_gpio_plat/hw/axi_gpio_caa_wrapper.xsa
TRACE::2026-09-28.19:27:15::SCWPlatform::DSA directory C:/Users/Char/Documents/ECE_520/Fall_26/axi_gpio_caa/axi_gpio_vitis/axi_gpio_plat/hw
TRACE::2026-09-28.19:27:15::SCWPlatform:: Platform Path C:/Users/Char/Documents/ECE_520/Fall_26/axi_gpio_caa/axi_gpio_vitis/axi_gpio_plat/hw/axi_gpio_caa_wrapper.xsa
TRACE::2026-09-28.19:27:15::SCWPlatform:: Unique name xilinx:zybo-z7-10::0.0
TRACE::2026-09-28.19:27:15::SCWPlatform::Trying to set the existing hwdb with name axi_gpio_caa_wrapper_5
TRACE::2026-09-28.19:27:15::SCWPlatform::Opened existing hwdb axi_gpio_caa_wrapper_5
TRACE::2026-09-28.19:27:15::SCWPlatform::Found the Hw Db part of the input DSA
TRACE::2026-09-28.19:27:15::SCWMssOS::Checking the sw design at  C:/Users/Char/Documents/ECE_520/Fall_26/axi_gpio_caa/axi_gpio_vitis/axi_gpio_plat/zynq_fsbl/zynq_fsbl_bsp/system.mss
TRACE::2026-09-28.19:27:15::SCWMssOS::DEBUG:  swdes dump  C:/Users/Char/Documents/ECE_520/Fall_26/axi_gpio_caa/axi_gpio_vitis/axi_gpio_plat/ps7_cortexa9_0/standalone_domain/bsp/system.mss|system_0||
C:/Users/Char/Documents/ECE_520/Fall_26/axi_gpio_caa/axi_gpio_vitis/axi_gpio_plat/zynq_fsbl/zynq_fsbl_bsp/system.mss|system||

TRACE::2026-09-28.19:27:15::SCWMssOS::Sw design exists and opened at  C:/Users/Char/Documents/ECE_520/Fall_26/axi_gpio_caa/axi_gpio_vitis/axi_gpio_plat/zynq_fsbl/zynq_fsbl_bsp/system.mss
TRACE::2026-09-28.19:27:15::SCWPlatform::Trying to open the hw design at C:/Users/Char/Documents/ECE_520/Fall_26/axi_gpio_caa/axi_gpio_vitis/axi_gpio_plat/hw/axi_gpio_caa_wrapper.xsa
TRACE::2026-09-28.19:27:15::SCWPlatform::DSA given C:/Users/Char/Documents/ECE_520/Fall_26/axi_gpio_caa/axi_gpio_vitis/axi_gpio_plat/hw/axi_gpio_caa_wrapper.xsa
TRACE::2026-09-28.19:27:15::SCWPlatform::DSA absoulate path C:/Users/Char/Documents/ECE_520/Fall_26/axi_gpio_caa/axi_gpio_vitis/axi_gpio_plat/hw/axi_gpio_caa_wrapper.xsa
TRACE::2026-09-28.19:27:15::SCWPlatform::DSA directory C:/Users/Char/Documents/ECE_520/Fall_26/axi_gpio_caa/axi_gpio_vitis/axi_gpio_plat/hw
TRACE::2026-09-28.19:27:15::SCWPlatform:: Platform Path C:/Users/Char/Documents/ECE_520/Fall_26/axi_gpio_caa/axi_gpio_vitis/axi_gpio_plat/hw/axi_gpio_caa_wrapper.xsa
TRACE::2026-09-28.19:27:15::SCWPlatform:: Unique name xilinx:zybo-z7-10::0.0
TRACE::2026-09-28.19:27:15::SCWPlatform::Trying to set the existing hwdb with name axi_gpio_caa_wrapper_5
TRACE::2026-09-28.19:27:15::SCWPlatform::Opened existing hwdb axi_gpio_caa_wrapper_5
TRACE::2026-09-28.19:27:15::SCWPlatform::Found the Hw Db part of the input DSA
TRACE::2026-09-28.19:27:15::SCWMssOS::Checking the sw design at  C:/Users/Char/Documents/ECE_520/Fall_26/axi_gpio_caa/axi_gpio_vitis/axi_gpio_plat/zynq_fsbl/zynq_fsbl_bsp/system.mss
TRACE::2026-09-28.19:27:15::SCWMssOS::DEBUG:  swdes dump  C:/Users/Char/Documents/ECE_520/Fall_26/axi_gpio_caa/axi_gpio_vitis/axi_gpio_plat/ps7_cortexa9_0/standalone_domain/bsp/system.mss|system_0||
C:/Users/Char/Documents/ECE_520/Fall_26/axi_gpio_caa/axi_gpio_vitis/axi_gpio_plat/zynq_fsbl/zynq_fsbl_bsp/system.mss|system||

TRACE::2026-09-28.19:27:15::SCWMssOS::Sw design exists and opened at  C:/Users/Char/Documents/ECE_520/Fall_26/axi_gpio_caa/axi_gpio_vitis/axi_gpio_plat/zynq_fsbl/zynq_fsbl_bsp/system.mss
TRACE::2026-09-28.19:27:15::SCWPlatform::Trying to open the hw design at C:/Users/Char/Documents/ECE_520/Fall_26/axi_gpio_caa/axi_gpio_vitis/axi_gpio_plat/hw/axi_gpio_caa_wrapper.xsa
TRACE::2026-09-28.19:27:15::SCWPlatform::DSA given C:/Users/Char/Documents/ECE_520/Fall_26/axi_gpio_caa/axi_gpio_vitis/axi_gpio_plat/hw/axi_gpio_caa_wrapper.xsa
TRACE::2026-09-28.19:27:15::SCWPlatform::DSA absoulate path C:/Users/Char/Documents/ECE_520/Fall_26/axi_gpio_caa/axi_gpio_vitis/axi_gpio_plat/hw/axi_gpio_caa_wrapper.xsa
TRACE::2026-09-28.19:27:15::SCWPlatform::DSA directory C:/Users/Char/Documents/ECE_520/Fall_26/axi_gpio_caa/axi_gpio_vitis/axi_gpio_plat/hw
TRACE::2026-09-28.19:27:15::SCWPlatform:: Platform Path C:/Users/Char/Documents/ECE_520/Fall_26/axi_gpio_caa/axi_gpio_vitis/axi_gpio_plat/hw/axi_gpio_caa_wrapper.xsa
TRACE::2026-09-28.19:27:15::SCWPlatform:: Unique name xilinx:zybo-z7-10::0.0
TRACE::2026-09-28.19:27:15::SCWPlatform::Trying to set the existing hwdb with name axi_gpio_caa_wrapper_5
TRACE::2026-09-28.19:27:15::SCWPlatform::Opened existing hwdb axi_gpio_caa_wrapper_5
TRACE::2026-09-28.19:27:15::SCWPlatform::Found the Hw Db part of the input DSA
TRACE::2026-09-28.19:27:15::SCWMssOS::Checking the sw design at  C:/Users/Char/Documents/ECE_520/Fall_26/axi_gpio_caa/axi_gpio_vitis/axi_gpio_plat/zynq_fsbl/zynq_fsbl_bsp/system.mss
TRACE::2026-09-28.19:27:15::SCWMssOS::DEBUG:  swdes dump  C:/Users/Char/Documents/ECE_520/Fall_26/axi_gpio_caa/axi_gpio_vitis/axi_gpio_plat/ps7_cortexa9_0/standalone_domain/bsp/system.mss|system_0||
C:/Users/Char/Documents/ECE_520/Fall_26/axi_gpio_caa/axi_gpio_vitis/axi_gpio_plat/zynq_fsbl/zynq_fsbl_bsp/system.mss|system||

TRACE::2026-09-28.19:27:15::SCWMssOS::Sw design exists and opened at  C:/Users/Char/Documents/ECE_520/Fall_26/axi_gpio_caa/axi_gpio_vitis/axi_gpio_plat/zynq_fsbl/zynq_fsbl_bsp/system.mss
TRACE::2026-09-28.19:27:15::SCWPlatform::Trying to open the hw design at C:/Users/Char/Documents/ECE_520/Fall_26/axi_gpio_caa/axi_gpio_vitis/axi_gpio_plat/hw/axi_gpio_caa_wrapper.xsa
TRACE::2026-09-28.19:27:15::SCWPlatform::DSA given C:/Users/Char/Documents/ECE_520/Fall_26/axi_gpio_caa/axi_gpio_vitis/axi_gpio_plat/hw/axi_gpio_caa_wrapper.xsa
TRACE::2026-09-28.19:27:15::SCWPlatform::DSA absoulate path C:/Users/Char/Documents/ECE_520/Fall_26/axi_gpio_caa/axi_gpio_vitis/axi_gpio_plat/hw/axi_gpio_caa_wrapper.xsa
TRACE::2026-09-28.19:27:15::SCWPlatform::DSA directory C:/Users/Char/Documents/ECE_520/Fall_26/axi_gpio_caa/axi_gpio_vitis/axi_gpio_plat/hw
TRACE::2026-09-28.19:27:15::SCWPlatform:: Platform Path C:/Users/Char/Documents/ECE_520/Fall_26/axi_gpio_caa/axi_gpio_vitis/axi_gpio_plat/hw/axi_gpio_caa_wrapper.xsa
TRACE::2026-09-28.19:27:15::SCWPlatform:: Unique name xilinx:zybo-z7-10::0.0
TRACE::2026-09-28.19:27:15::SCWPlatform::Trying to set the existing hwdb with name axi_gpio_caa_wrapper_5
TRACE::2026-09-28.19:27:15::SCWPlatform::Opened existing hwdb axi_gpio_caa_wrapper_5
TRACE::2026-09-28.19:27:15::SCWPlatform::Found the Hw Db part of the input DSA
TRACE::2026-09-28.19:27:15::SCWMssOS::Checking the sw design at  C:/Users/Char/Documents/ECE_520/Fall_26/axi_gpio_caa/axi_gpio_vitis/axi_gpio_plat/ps7_cortexa9_0/standalone_domain/bsp/system.mss
TRACE::2026-09-28.19:27:15::SCWMssOS::DEBUG:  swdes dump  C:/Users/Char/Documents/ECE_520/Fall_26/axi_gpio_caa/axi_gpio_vitis/axi_gpio_plat/ps7_cortexa9_0/standalone_domain/bsp/system.mss|system_0||
C:/Users/Char/Documents/ECE_520/Fall_26/axi_gpio_caa/axi_gpio_vitis/axi_gpio_plat/zynq_fsbl/zynq_fsbl_bsp/system.mss|system||

TRACE::2026-09-28.19:27:15::SCWMssOS::Sw design exists and opened at  C:/Users/Char/Documents/ECE_520/Fall_26/axi_gpio_caa/axi_gpio_vitis/axi_gpio_plat/ps7_cortexa9_0/standalone_domain/bsp/system.mss
TRACE::2026-09-28.19:27:15::SCWPlatform::Trying to open the hw design at C:/Users/Char/Documents/ECE_520/Fall_26/axi_gpio_caa/axi_gpio_vitis/axi_gpio_plat/hw/axi_gpio_caa_wrapper.xsa
TRACE::2026-09-28.19:27:15::SCWPlatform::DSA given C:/Users/Char/Documents/ECE_520/Fall_26/axi_gpio_caa/axi_gpio_vitis/axi_gpio_plat/hw/axi_gpio_caa_wrapper.xsa
TRACE::2026-09-28.19:27:15::SCWPlatform::DSA absoulate path C:/Users/Char/Documents/ECE_520/Fall_26/axi_gpio_caa/axi_gpio_vitis/axi_gpio_plat/hw/axi_gpio_caa_wrapper.xsa
TRACE::2026-09-28.19:27:15::SCWPlatform::DSA directory C:/Users/Char/Documents/ECE_520/Fall_26/axi_gpio_caa/axi_gpio_vitis/axi_gpio_plat/hw
TRACE::2026-09-28.19:27:15::SCWPlatform:: Platform Path C:/Users/Char/Documents/ECE_520/Fall_26/axi_gpio_caa/axi_gpio_vitis/axi_gpio_plat/hw/axi_gpio_caa_wrapper.xsa
TRACE::2026-09-28.19:27:15::SCWPlatform:: Unique name xilinx:zybo-z7-10::0.0
TRACE::2026-09-28.19:27:15::SCWPlatform::Trying to set the existing hwdb with name axi_gpio_caa_wrapper_5
TRACE::2026-09-28.19:27:15::SCWPlatform::Opened existing hwdb axi_gpio_caa_wrapper_5
TRACE::2026-09-28.19:27:15::SCWPlatform::Found the Hw Db part of the input DSA
TRACE::2026-09-28.19:27:15::SCWMssOS::Checking the sw design at  C:/Users/Char/Documents/ECE_520/Fall_26/axi_gpio_caa/axi_gpio_vitis/axi_gpio_plat/ps7_cortexa9_0/standalone_domain/bsp/system.mss
TRACE::2026-09-28.19:27:15::SCWMssOS::DEBUG:  swdes dump  C:/Users/Char/Documents/ECE_520/Fall_26/axi_gpio_caa/axi_gpio_vitis/axi_gpio_plat/ps7_cortexa9_0/standalone_domain/bsp/system.mss|system_0||
C:/Users/Char/Documents/ECE_520/Fall_26/axi_gpio_caa/axi_gpio_vitis/axi_gpio_plat/zynq_fsbl/zynq_fsbl_bsp/system.mss|system||

TRACE::2026-09-28.19:27:15::SCWMssOS::Sw design exists and opened at  C:/Users/Char/Documents/ECE_520/Fall_26/axi_gpio_caa/axi_gpio_vitis/axi_gpio_plat/ps7_cortexa9_0/standalone_domain/bsp/system.mss
TRACE::2026-09-28.19:27:15::SCWPlatform::Trying to open the hw design at C:/Users/Char/Documents/ECE_520/Fall_26/axi_gpio_caa/axi_gpio_vitis/axi_gpio_plat/hw/axi_gpio_caa_wrapper.xsa
TRACE::2026-09-28.19:27:15::SCWPlatform::DSA given C:/Users/Char/Documents/ECE_520/Fall_26/axi_gpio_caa/axi_gpio_vitis/axi_gpio_plat/hw/axi_gpio_caa_wrapper.xsa
TRACE::2026-09-28.19:27:15::SCWPlatform::DSA absoulate path C:/Users/Char/Documents/ECE_520/Fall_26/axi_gpio_caa/axi_gpio_vitis/axi_gpio_plat/hw/axi_gpio_caa_wrapper.xsa
TRACE::2026-09-28.19:27:15::SCWPlatform::DSA directory C:/Users/Char/Documents/ECE_520/Fall_26/axi_gpio_caa/axi_gpio_vitis/axi_gpio_plat/hw
TRACE::2026-09-28.19:27:15::SCWPlatform:: Platform Path C:/Users/Char/Documents/ECE_520/Fall_26/axi_gpio_caa/axi_gpio_vitis/axi_gpio_plat/hw/axi_gpio_caa_wrapper.xsa
TRACE::2026-09-28.19:27:15::SCWPlatform:: Unique name xilinx:zybo-z7-10::0.0
TRACE::2026-09-28.19:27:15::SCWPlatform::Trying to set the existing hwdb with name axi_gpio_caa_wrapper_5
TRACE::2026-09-28.19:27:15::SCWPlatform::Opened existing hwdb axi_gpio_caa_wrapper_5
TRACE::2026-09-28.19:27:15::SCWPlatform::Found the Hw Db part of the input DSA
TRACE::2026-09-28.19:27:15::SCWMssOS::Checking the sw design at  C:/Users/Char/Documents/ECE_520/Fall_26/axi_gpio_caa/axi_gpio_vitis/axi_gpio_plat/ps7_cortexa9_0/standalone_domain/bsp/system.mss
TRACE::2026-09-28.19:27:15::SCWMssOS::DEBUG:  swdes dump  C:/Users/Char/Documents/ECE_520/Fall_26/axi_gpio_caa/axi_gpio_vitis/axi_gpio_plat/ps7_cortexa9_0/standalone_domain/bsp/system.mss|system_0||
C:/Users/Char/Documents/ECE_520/Fall_26/axi_gpio_caa/axi_gpio_vitis/axi_gpio_plat/zynq_fsbl/zynq_fsbl_bsp/system.mss|system||

TRACE::2026-09-28.19:27:15::SCWMssOS::Sw design exists and opened at  C:/Users/Char/Documents/ECE_520/Fall_26/axi_gpio_caa/axi_gpio_vitis/axi_gpio_plat/ps7_cortexa9_0/standalone_domain/bsp/system.mss
TRACE::2026-09-28.19:27:15::SCWWriter::formatted JSON is {
	"platformName":	"axi_gpio_plat",
	"sprVersion":	"2.0",
	"mode":	"gui",
	"dsaType":	"Fixed",
	"platformDesc":	"axi_gpio_plat",
	"platHandOff":	"C:/Users/Char/Documents/ECE_520/Fall_26/axi_gpio_caa/axi_gpio_caa_wrapper.xsa",
	"platIntHandOff":	"<platformDir>/hw/axi_gpio_caa_wrapper.xsa",
	"deviceType":	"zynq",
	"platIsPrebuiltAutogen":	"false",
	"platIsNoBootBsp":	"false",
	"platFsblTarget":	"ps7_cortexa9_0",
	"hasFsblMakeHasChanges":	"false",
	"hasPmufwMakeHasChanges":	"false",
	"fsblExtraCompilerFlags":	"-MMD -MP       -mcpu=cortex-a9 -mfpu=vfpv3 -mfloat-abi=hard ",
	"platPreBuiltFlag":	false,
	"platformSamplesDir":	"",
	"platActiveSys":	"axi_gpio_plat",
	"systems":	[{
			"systemName":	"axi_gpio_plat",
			"systemDesc":	"axi_gpio_plat",
			"sysIsBootAutoGen":	"true",
			"systemDispName":	"axi_gpio_plat",
			"sysActiveDom":	"standalone_domain",
			"sysDefaultDom":	"standalone_domain",
			"domains":	[{
					"domainName":	"zynq_fsbl",
					"domainDispName":	"zynq_fsbl",
					"domainDesc":	"FSBL Application BSP - Auto Generated.",
					"processors":	"ps7_cortexa9_0",
					"os":	"standalone",
					"sdxOs":	"standalone",
					"debugEnable":	"",
					"domRuntimes":	["cpp"],
					"swRepo":	"",
					"mssOsVer":	"8.1",
					"mssFile":	"",
					"md5Digest":	"65693ccea2e90031f2dc4733d5bd991b",
					"compatibleApp":	"zynq_fsbl",
					"domType":	"bootDomain",
					"arch":	"32-bit",
					"appSettings":	{
						"appCompilerFlags":	"",
						"appLinkerFlags":	""
					},
					"addedLibs":	["xilffs:5.0", "xilrsa:1.6"],
					"libOptions":	{
						"libsContainingOptions":	[]
					},
					"prebuiltLibs":	{
						"prebuiltIncPath":	[],
						"prebuiltLibPath":	[]
					},
					"isolation":	{
					}
				}, {
					"domainName":	"standalone_domain",
					"domainDispName":	"standalone_domain",
					"domainDesc":	"standalone_domain",
					"processors":	"ps7_cortexa9_0",
					"os":	"standalone",
					"sdxOs":	"standalone",
					"qemuArgs":	"<platformDir>/resources/axi_gpio_plat/standalone_domain/qemu_args.txt",
					"qemuData":	"<platformDir>/resources/axi_gpio_plat/standalone_domain/qemu",
					"debugEnable":	"False",
					"domRuntimes":	["cpp"],
					"swRepo":	"",
					"mssOsVer":	"8.1",
					"mssFile":	"",
					"md5Digest":	"a82e1019665bce3dce07707172bb4370",
					"compatibleApp":	"",
					"domType":	"mssDomain",
					"appSettings":	{
						"appCompilerFlags":	"",
						"appLinkerFlags":	""
					},
					"addedLibs":	[],
					"libOptions":	{
						"libsContainingOptions":	[]
					},
					"prebuiltLibs":	{
						"prebuiltIncPath":	[],
						"prebuiltLibPath":	[]
					},
					"isolation":	{
					}
				}]
		}]
}
LOG::2026-09-28.19:27:15::SCWPlatform::Started generating the artifacts platform axi_gpio_plat
TRACE::2026-09-28.19:27:15::SCWPlatform::Sanity checking of platform is completed
LOG::2026-09-28.19:27:15::SCWPlatform::Started generating the artifacts for system configuration axi_gpio_plat
LOG::2026-09-28.19:27:15::SCWSystem::Checking the domain zynq_fsbl
LOG::2026-09-28.19:27:15::SCWSystem::Doing application build for :  zynq_fsbl
TRACE::2026-09-28.19:27:15::SCWBDomain::Not a forced makefile updation, No changes are present. 
TRACE::2026-09-28.19:27:15::SCWDomain::Skipping the build for domain :  zynq_fsbl
LOG::2026-09-28.19:27:15::SCWSystem::Checking the domain standalone_domain
LOG::2026-09-28.19:27:15::SCWSystem::Not a boot domain 
LOG::2026-09-28.19:27:15::SCWSystem::Started Processing the domain standalone_domain
TRACE::2026-09-28.19:27:15::SCWDomain::Generating domain artifcats
TRACE::2026-09-28.19:27:15::SCWMssOS::Generating standalone artifcats
TRACE::2026-09-28.19:27:15::SCWMssOS::Copying the qemu file from  C:/Users/Char/Documents/ECE_520/Fall_26/axi_gpio_caa/axi_gpio_vitis/axi_gpio_plat/resources/axi_gpio_plat/standalone_domain/qemu_args.txt To C:/Users/Char/Documents/ECE_520/Fall_26/axi_gpio_caa/axi_gpio_vitis/axi_gpio_plat/export/axi_gpio_plat/sw/axi_gpio_plat/qemu/
TRACE::2026-09-28.19:27:15::SCWMssOS::Copying the qemu file from  C:/Users/Char/Documents/ECE_520/Fall_26/axi_gpio_caa/axi_gpio_vitis/axi_gpio_plat/resources/axi_gpio_plat/standalone_domain/qemu_args.txt To C:/Users/Char/Documents/ECE_520/Fall_26/axi_gpio_caa/axi_gpio_vitis/axi_gpio_plat/export/axi_gpio_plat/sw/axi_gpio_plat/standalone_domain/qemu/
TRACE::2026-09-28.19:27:15::SCWMssOS:: Copying the user libraries. 
TRACE::2026-09-28.19:27:15::SCWPlatform::Trying to open the hw design at C:/Users/Char/Documents/ECE_520/Fall_26/axi_gpio_caa/axi_gpio_vitis/axi_gpio_plat/hw/axi_gpio_caa_wrapper.xsa
TRACE::2026-09-28.19:27:15::SCWPlatform::DSA given C:/Users/Char/Documents/ECE_520/Fall_26/axi_gpio_caa/axi_gpio_vitis/axi_gpio_plat/hw/axi_gpio_caa_wrapper.xsa
TRACE::2026-09-28.19:27:15::SCWPlatform::DSA absoulate path C:/Users/Char/Documents/ECE_520/Fall_26/axi_gpio_caa/axi_gpio_vitis/axi_gpio_plat/hw/axi_gpio_caa_wrapper.xsa
TRACE::2026-09-28.19:27:15::SCWPlatform::DSA directory C:/Users/Char/Documents/ECE_520/Fall_26/axi_gpio_caa/axi_gpio_vitis/axi_gpio_plat/hw
TRACE::2026-09-28.19:27:15::SCWPlatform:: Platform Path C:/Users/Char/Documents/ECE_520/Fall_26/axi_gpio_caa/axi_gpio_vitis/axi_gpio_plat/hw/axi_gpio_caa_wrapper.xsa
TRACE::2026-09-28.19:27:15::SCWPlatform:: Unique name xilinx:zybo-z7-10::0.0
TRACE::2026-09-28.19:27:15::SCWPlatform::Trying to set the existing hwdb with name axi_gpio_caa_wrapper_5
TRACE::2026-09-28.19:27:15::SCWPlatform::Opened existing hwdb axi_gpio_caa_wrapper_5
TRACE::2026-09-28.19:27:15::SCWPlatform::Found the Hw Db part of the input DSA
TRACE::2026-09-28.19:27:15::SCWMssOS::Checking the sw design at  C:/Users/Char/Documents/ECE_520/Fall_26/axi_gpio_caa/axi_gpio_vitis/axi_gpio_plat/ps7_cortexa9_0/standalone_domain/bsp/system.mss
TRACE::2026-09-28.19:27:15::SCWMssOS::DEBUG:  swdes dump  C:/Users/Char/Documents/ECE_520/Fall_26/axi_gpio_caa/axi_gpio_vitis/axi_gpio_plat/ps7_cortexa9_0/standalone_domain/bsp/system.mss|system_0||
C:/Users/Char/Documents/ECE_520/Fall_26/axi_gpio_caa/axi_gpio_vitis/axi_gpio_plat/zynq_fsbl/zynq_fsbl_bsp/system.mss|system||

TRACE::2026-09-28.19:27:15::SCWMssOS::Sw design exists and opened at  C:/Users/Char/Documents/ECE_520/Fall_26/axi_gpio_caa/axi_gpio_vitis/axi_gpio_plat/ps7_cortexa9_0/standalone_domain/bsp/system.mss
TRACE::2026-09-28.19:27:15::SCWMssOS::Completed writing the mss file at C:/Users/Char/Documents/ECE_520/Fall_26/axi_gpio_caa/axi_gpio_vitis/axi_gpio_plat/ps7_cortexa9_0/standalone_domain/bsp
TRACE::2026-09-28.19:27:15::SCWMssOS::Mss edits present, copying mssfile into export location C:/Users/Char/Documents/ECE_520/Fall_26/axi_gpio_caa/axi_gpio_vitis/axi_gpio_plat/ps7_cortexa9_0/standalone_domain/bsp/system.mss
TRACE::2026-09-28.19:27:15::SCWMssOS::bsp generated is upto date with the mss file. Skipping bsp generation.
TRACE::2026-09-28.19:27:15::SCWMssOS::BSP is already built. skipping the bsp build ... 
TRACE::2026-09-28.19:27:15::SCWDomain::Skipping the build for domain :  standalone_domain
TRACE::2026-09-28.19:27:15::SCWMssOS::skipping the bsp build ... 
TRACE::2026-09-28.19:27:15::SCWMssOS::Copying to export directory.
TRACE::2026-09-28.19:27:15::SCWMssOS:: Checking if to create the Supporting Applications
TRACE::2026-09-28.19:27:15::SCWMssOS:: No Linux domain exists, trying to generate FSBL 
TRACE::2026-09-28.19:27:15::SCWMssOS:: Completed Standalone Artifacts creation 
LOG::2026-09-28.19:27:15::SCWSystem::Completed Processing the domain standalone_domain
LOG::2026-09-28.19:27:15::SCWSystem::Completed Processing the sysconfig axi_gpio_plat
LOG::2026-09-28.19:27:15::SCWPlatform::Completed generating the artifacts for system configuration axi_gpio_plat
TRACE::2026-09-28.19:27:15::SCWPlatform::Started preparing the platform 
TRACE::2026-09-28.19:27:15::SCWSystem::Writing the bif file for system config axi_gpio_plat
TRACE::2026-09-28.19:27:15::SCWSystem::dir created 
TRACE::2026-09-28.19:27:15::SCWSystem::Writing the bif 
TRACE::2026-09-28.19:27:15::SCWPlatform::Started writing the spfm file 
TRACE::2026-09-28.19:27:15::SCWPlatform::Started writing the xpfm file 
TRACE::2026-09-28.19:27:15::SCWPlatform::Completed generating the platform
TRACE::2026-09-28.19:27:15::SCWMssOS::Saving the mss changes C:/Users/Char/Documents/ECE_520/Fall_26/axi_gpio_caa/axi_gpio_vitis/axi_gpio_plat/zynq_fsbl/zynq_fsbl_bsp/system.mss
TRACE::2026-09-28.19:27:15::SCWMssOS::Found a swdesign opened with the mssfile.
TRACE::2026-09-28.19:27:15::SCWMssOS::Completed writemss as part of save.
TRACE::2026-09-28.19:27:15::SCWMssOS::Commit changes completed.
TRACE::2026-09-28.19:27:15::SCWMssOS::Saving the mss changes C:/Users/Char/Documents/ECE_520/Fall_26/axi_gpio_caa/axi_gpio_vitis/axi_gpio_plat/ps7_cortexa9_0/standalone_domain/bsp/system.mss
TRACE::2026-09-28.19:27:15::SCWMssOS::Found a swdesign opened with the mssfile.
TRACE::2026-09-28.19:27:15::SCWMssOS::Completed writemss as part of save.
TRACE::2026-09-28.19:27:15::SCWMssOS::Commit changes completed.
TRACE::2026-09-28.19:27:15::SCWPlatform::Trying to open the hw design at C:/Users/Char/Documents/ECE_520/Fall_26/axi_gpio_caa/axi_gpio_vitis/axi_gpio_plat/hw/axi_gpio_caa_wrapper.xsa
TRACE::2026-09-28.19:27:15::SCWPlatform::DSA given C:/Users/Char/Documents/ECE_520/Fall_26/axi_gpio_caa/axi_gpio_vitis/axi_gpio_plat/hw/axi_gpio_caa_wrapper.xsa
TRACE::2026-09-28.19:27:15::SCWPlatform::DSA absoulate path C:/Users/Char/Documents/ECE_520/Fall_26/axi_gpio_caa/axi_gpio_vitis/axi_gpio_plat/hw/axi_gpio_caa_wrapper.xsa
TRACE::2026-09-28.19:27:15::SCWPlatform::DSA directory C:/Users/Char/Documents/ECE_520/Fall_26/axi_gpio_caa/axi_gpio_vitis/axi_gpio_plat/hw
TRACE::2026-09-28.19:27:15::SCWPlatform:: Platform Path C:/Users/Char/Documents/ECE_520/Fall_26/axi_gpio_caa/axi_gpio_vitis/axi_gpio_plat/hw/axi_gpio_caa_wrapper.xsa
TRACE::2026-09-28.19:27:15::SCWPlatform:: Unique name xilinx:zybo-z7-10::0.0
TRACE::2026-09-28.19:27:15::SCWPlatform::Trying to set the existing hwdb with name axi_gpio_caa_wrapper_5
TRACE::2026-09-28.19:27:15::SCWPlatform::Opened existing hwdb axi_gpio_caa_wrapper_5
TRACE::2026-09-28.19:27:15::SCWPlatform::Found the Hw Db part of the input DSA
TRACE::2026-09-28.19:27:15::SCWMssOS::Checking the sw design at  C:/Users/Char/Documents/ECE_520/Fall_26/axi_gpio_caa/axi_gpio_vitis/axi_gpio_plat/zynq_fsbl/zynq_fsbl_bsp/system.mss
TRACE::2026-09-28.19:27:15::SCWMssOS::DEBUG:  swdes dump  C:/Users/Char/Documents/ECE_520/Fall_26/axi_gpio_caa/axi_gpio_vitis/axi_gpio_plat/ps7_cortexa9_0/standalone_domain/bsp/system.mss|system_0||
C:/Users/Char/Documents/ECE_520/Fall_26/axi_gpio_caa/axi_gpio_vitis/axi_gpio_plat/zynq_fsbl/zynq_fsbl_bsp/system.mss|system||

TRACE::2026-09-28.19:27:15::SCWMssOS::Sw design exists and opened at  C:/Users/Char/Documents/ECE_520/Fall_26/axi_gpio_caa/axi_gpio_vitis/axi_gpio_plat/zynq_fsbl/zynq_fsbl_bsp/system.mss
TRACE::2026-09-28.19:27:15::SCWPlatform::Trying to open the hw design at C:/Users/Char/Documents/ECE_520/Fall_26/axi_gpio_caa/axi_gpio_vitis/axi_gpio_plat/hw/axi_gpio_caa_wrapper.xsa
TRACE::2026-09-28.19:27:15::SCWPlatform::DSA given C:/Users/Char/Documents/ECE_520/Fall_26/axi_gpio_caa/axi_gpio_vitis/axi_gpio_plat/hw/axi_gpio_caa_wrapper.xsa
TRACE::2026-09-28.19:27:15::SCWPlatform::DSA absoulate path C:/Users/Char/Documents/ECE_520/Fall_26/axi_gpio_caa/axi_gpio_vitis/axi_gpio_plat/hw/axi_gpio_caa_wrapper.xsa
TRACE::2026-09-28.19:27:15::SCWPlatform::DSA directory C:/Users/Char/Documents/ECE_520/Fall_26/axi_gpio_caa/axi_gpio_vitis/axi_gpio_plat/hw
TRACE::2026-09-28.19:27:15::SCWPlatform:: Platform Path C:/Users/Char/Documents/ECE_520/Fall_26/axi_gpio_caa/axi_gpio_vitis/axi_gpio_plat/hw/axi_gpio_caa_wrapper.xsa
TRACE::2026-09-28.19:27:15::SCWPlatform:: Unique name xilinx:zybo-z7-10::0.0
TRACE::2026-09-28.19:27:15::SCWPlatform::Trying to set the existing hwdb with name axi_gpio_caa_wrapper_5
TRACE::2026-09-28.19:27:15::SCWPlatform::Opened existing hwdb axi_gpio_caa_wrapper_5
TRACE::2026-09-28.19:27:15::SCWPlatform::Found the Hw Db part of the input DSA
TRACE::2026-09-28.19:27:15::SCWMssOS::Checking the sw design at  C:/Users/Char/Documents/ECE_520/Fall_26/axi_gpio_caa/axi_gpio_vitis/axi_gpio_plat/zynq_fsbl/zynq_fsbl_bsp/system.mss
TRACE::2026-09-28.19:27:15::SCWMssOS::DEBUG:  swdes dump  C:/Users/Char/Documents/ECE_520/Fall_26/axi_gpio_caa/axi_gpio_vitis/axi_gpio_plat/ps7_cortexa9_0/standalone_domain/bsp/system.mss|system_0||
C:/Users/Char/Documents/ECE_520/Fall_26/axi_gpio_caa/axi_gpio_vitis/axi_gpio_plat/zynq_fsbl/zynq_fsbl_bsp/system.mss|system||

TRACE::2026-09-28.19:27:15::SCWMssOS::Sw design exists and opened at  C:/Users/Char/Documents/ECE_520/Fall_26/axi_gpio_caa/axi_gpio_vitis/axi_gpio_plat/zynq_fsbl/zynq_fsbl_bsp/system.mss
TRACE::2026-09-28.19:27:15::SCWPlatform::Trying to open the hw design at C:/Users/Char/Documents/ECE_520/Fall_26/axi_gpio_caa/axi_gpio_vitis/axi_gpio_plat/hw/axi_gpio_caa_wrapper.xsa
TRACE::2026-09-28.19:27:15::SCWPlatform::DSA given C:/Users/Char/Documents/ECE_520/Fall_26/axi_gpio_caa/axi_gpio_vitis/axi_gpio_plat/hw/axi_gpio_caa_wrapper.xsa
TRACE::2026-09-28.19:27:15::SCWPlatform::DSA absoulate path C:/Users/Char/Documents/ECE_520/Fall_26/axi_gpio_caa/axi_gpio_vitis/axi_gpio_plat/hw/axi_gpio_caa_wrapper.xsa
TRACE::2026-09-28.19:27:15::SCWPlatform::DSA directory C:/Users/Char/Documents/ECE_520/Fall_26/axi_gpio_caa/axi_gpio_vitis/axi_gpio_plat/hw
TRACE::2026-09-28.19:27:15::SCWPlatform:: Platform Path C:/Users/Char/Documents/ECE_520/Fall_26/axi_gpio_caa/axi_gpio_vitis/axi_gpio_plat/hw/axi_gpio_caa_wrapper.xsa
TRACE::2026-09-28.19:27:15::SCWPlatform:: Unique name xilinx:zybo-z7-10::0.0
TRACE::2026-09-28.19:27:15::SCWPlatform::Trying to set the existing hwdb with name axi_gpio_caa_wrapper_5
TRACE::2026-09-28.19:27:15::SCWPlatform::Opened existing hwdb axi_gpio_caa_wrapper_5
TRACE::2026-09-28.19:27:15::SCWPlatform::Found the Hw Db part of the input DSA
TRACE::2026-09-28.19:27:15::SCWMssOS::Checking the sw design at  C:/Users/Char/Documents/ECE_520/Fall_26/axi_gpio_caa/axi_gpio_vitis/axi_gpio_plat/zynq_fsbl/zynq_fsbl_bsp/system.mss
TRACE::2026-09-28.19:27:15::SCWMssOS::DEBUG:  swdes dump  C:/Users/Char/Documents/ECE_520/Fall_26/axi_gpio_caa/axi_gpio_vitis/axi_gpio_plat/ps7_cortexa9_0/standalone_domain/bsp/system.mss|system_0||
C:/Users/Char/Documents/ECE_520/Fall_26/axi_gpio_caa/axi_gpio_vitis/axi_gpio_plat/zynq_fsbl/zynq_fsbl_bsp/system.mss|system||

TRACE::2026-09-28.19:27:15::SCWMssOS::Sw design exists and opened at  C:/Users/Char/Documents/ECE_520/Fall_26/axi_gpio_caa/axi_gpio_vitis/axi_gpio_plat/zynq_fsbl/zynq_fsbl_bsp/system.mss
TRACE::2026-09-28.19:27:15::SCWPlatform::Trying to open the hw design at C:/Users/Char/Documents/ECE_520/Fall_26/axi_gpio_caa/axi_gpio_vitis/axi_gpio_plat/hw/axi_gpio_caa_wrapper.xsa
TRACE::2026-09-28.19:27:15::SCWPlatform::DSA given C:/Users/Char/Documents/ECE_520/Fall_26/axi_gpio_caa/axi_gpio_vitis/axi_gpio_plat/hw/axi_gpio_caa_wrapper.xsa
TRACE::2026-09-28.19:27:15::SCWPlatform::DSA absoulate path C:/Users/Char/Documents/ECE_520/Fall_26/axi_gpio_caa/axi_gpio_vitis/axi_gpio_plat/hw/axi_gpio_caa_wrapper.xsa
TRACE::2026-09-28.19:27:15::SCWPlatform::DSA directory C:/Users/Char/Documents/ECE_520/Fall_26/axi_gpio_caa/axi_gpio_vitis/axi_gpio_plat/hw
TRACE::2026-09-28.19:27:15::SCWPlatform:: Platform Path C:/Users/Char/Documents/ECE_520/Fall_26/axi_gpio_caa/axi_gpio_vitis/axi_gpio_plat/hw/axi_gpio_caa_wrapper.xsa
TRACE::2026-09-28.19:27:15::SCWPlatform:: Unique name xilinx:zybo-z7-10::0.0
TRACE::2026-09-28.19:27:15::SCWPlatform::Trying to set the existing hwdb with name axi_gpio_caa_wrapper_5
TRACE::2026-09-28.19:27:15::SCWPlatform::Opened existing hwdb axi_gpio_caa_wrapper_5
TRACE::2026-09-28.19:27:15::SCWPlatform::Found the Hw Db part of the input DSA
TRACE::2026-09-28.19:27:15::SCWMssOS::Checking the sw design at  C:/Users/Char/Documents/ECE_520/Fall_26/axi_gpio_caa/axi_gpio_vitis/axi_gpio_plat/ps7_cortexa9_0/standalone_domain/bsp/system.mss
TRACE::2026-09-28.19:27:15::SCWMssOS::DEBUG:  swdes dump  C:/Users/Char/Documents/ECE_520/Fall_26/axi_gpio_caa/axi_gpio_vitis/axi_gpio_plat/ps7_cortexa9_0/standalone_domain/bsp/system.mss|system_0||
C:/Users/Char/Documents/ECE_520/Fall_26/axi_gpio_caa/axi_gpio_vitis/axi_gpio_plat/zynq_fsbl/zynq_fsbl_bsp/system.mss|system||

TRACE::2026-09-28.19:27:15::SCWMssOS::Sw design exists and opened at  C:/Users/Char/Documents/ECE_520/Fall_26/axi_gpio_caa/axi_gpio_vitis/axi_gpio_plat/ps7_cortexa9_0/standalone_domain/bsp/system.mss
TRACE::2026-09-28.19:27:15::SCWPlatform::Trying to open the hw design at C:/Users/Char/Documents/ECE_520/Fall_26/axi_gpio_caa/axi_gpio_vitis/axi_gpio_plat/hw/axi_gpio_caa_wrapper.xsa
TRACE::2026-09-28.19:27:15::SCWPlatform::DSA given C:/Users/Char/Documents/ECE_520/Fall_26/axi_gpio_caa/axi_gpio_vitis/axi_gpio_plat/hw/axi_gpio_caa_wrapper.xsa
TRACE::2026-09-28.19:27:15::SCWPlatform::DSA absoulate path C:/Users/Char/Documents/ECE_520/Fall_26/axi_gpio_caa/axi_gpio_vitis/axi_gpio_plat/hw/axi_gpio_caa_wrapper.xsa
TRACE::2026-09-28.19:27:15::SCWPlatform::DSA directory C:/Users/Char/Documents/ECE_520/Fall_26/axi_gpio_caa/axi_gpio_vitis/axi_gpio_plat/hw
TRACE::2026-09-28.19:27:15::SCWPlatform:: Platform Path C:/Users/Char/Documents/ECE_520/Fall_26/axi_gpio_caa/axi_gpio_vitis/axi_gpio_plat/hw/axi_gpio_caa_wrapper.xsa
TRACE::2026-09-28.19:27:15::SCWPlatform:: Unique name xilinx:zybo-z7-10::0.0
TRACE::2026-09-28.19:27:15::SCWPlatform::Trying to set the existing hwdb with name axi_gpio_caa_wrapper_5
TRACE::2026-09-28.19:27:15::SCWPlatform::Opened existing hwdb axi_gpio_caa_wrapper_5
TRACE::2026-09-28.19:27:15::SCWPlatform::Found the Hw Db part of the input DSA
TRACE::2026-09-28.19:27:15::SCWMssOS::Checking the sw design at  C:/Users/Char/Documents/ECE_520/Fall_26/axi_gpio_caa/axi_gpio_vitis/axi_gpio_plat/ps7_cortexa9_0/standalone_domain/bsp/system.mss
TRACE::2026-09-28.19:27:15::SCWMssOS::DEBUG:  swdes dump  C:/Users/Char/Documents/ECE_520/Fall_26/axi_gpio_caa/axi_gpio_vitis/axi_gpio_plat/ps7_cortexa9_0/standalone_domain/bsp/system.mss|system_0||
C:/Users/Char/Documents/ECE_520/Fall_26/axi_gpio_caa/axi_gpio_vitis/axi_gpio_plat/zynq_fsbl/zynq_fsbl_bsp/system.mss|system||

TRACE::2026-09-28.19:27:15::SCWMssOS::Sw design exists and opened at  C:/Users/Char/Documents/ECE_520/Fall_26/axi_gpio_caa/axi_gpio_vitis/axi_gpio_plat/ps7_cortexa9_0/standalone_domain/bsp/system.mss
TRACE::2026-09-28.19:27:15::SCWPlatform::Trying to open the hw design at C:/Users/Char/Documents/ECE_520/Fall_26/axi_gpio_caa/axi_gpio_vitis/axi_gpio_plat/hw/axi_gpio_caa_wrapper.xsa
TRACE::2026-09-28.19:27:15::SCWPlatform::DSA given C:/Users/Char/Documents/ECE_520/Fall_26/axi_gpio_caa/axi_gpio_vitis/axi_gpio_plat/hw/axi_gpio_caa_wrapper.xsa
TRACE::2026-09-28.19:27:15::SCWPlatform::DSA absoulate path C:/Users/Char/Documents/ECE_520/Fall_26/axi_gpio_caa/axi_gpio_vitis/axi_gpio_plat/hw/axi_gpio_caa_wrapper.xsa
TRACE::2026-09-28.19:27:15::SCWPlatform::DSA directory C:/Users/Char/Documents/ECE_520/Fall_26/axi_gpio_caa/axi_gpio_vitis/axi_gpio_plat/hw
TRACE::2026-09-28.19:27:15::SCWPlatform:: Platform Path C:/Users/Char/Documents/ECE_520/Fall_26/axi_gpio_caa/axi_gpio_vitis/axi_gpio_plat/hw/axi_gpio_caa_wrapper.xsa
TRACE::2026-09-28.19:27:15::SCWPlatform:: Unique name xilinx:zybo-z7-10::0.0
TRACE::2026-09-28.19:27:15::SCWPlatform::Trying to set the existing hwdb with name axi_gpio_caa_wrapper_5
TRACE::2026-09-28.19:27:15::SCWPlatform::Opened existing hwdb axi_gpio_caa_wrapper_5
TRACE::2026-09-28.19:27:15::SCWPlatform::Found the Hw Db part of the input DSA
TRACE::2026-09-28.19:27:15::SCWMssOS::Checking the sw design at  C:/Users/Char/Documents/ECE_520/Fall_26/axi_gpio_caa/axi_gpio_vitis/axi_gpio_plat/ps7_cortexa9_0/standalone_domain/bsp/system.mss
TRACE::2026-09-28.19:27:15::SCWMssOS::DEBUG:  swdes dump  C:/Users/Char/Documents/ECE_520/Fall_26/axi_gpio_caa/axi_gpio_vitis/axi_gpio_plat/ps7_cortexa9_0/standalone_domain/bsp/system.mss|system_0||
C:/Users/Char/Documents/ECE_520/Fall_26/axi_gpio_caa/axi_gpio_vitis/axi_gpio_plat/zynq_fsbl/zynq_fsbl_bsp/system.mss|system||

TRACE::2026-09-28.19:27:15::SCWMssOS::Sw design exists and opened at  C:/Users/Char/Documents/ECE_520/Fall_26/axi_gpio_caa/axi_gpio_vitis/axi_gpio_plat/ps7_cortexa9_0/standalone_domain/bsp/system.mss
TRACE::2026-09-28.19:27:15::SCWWriter::formatted JSON is {
	"platformName":	"axi_gpio_plat",
	"sprVersion":	"2.0",
	"mode":	"gui",
	"dsaType":	"Fixed",
	"platformDesc":	"axi_gpio_plat",
	"platHandOff":	"C:/Users/Char/Documents/ECE_520/Fall_26/axi_gpio_caa/axi_gpio_caa_wrapper.xsa",
	"platIntHandOff":	"<platformDir>/hw/axi_gpio_caa_wrapper.xsa",
	"deviceType":	"zynq",
	"platIsPrebuiltAutogen":	"false",
	"platIsNoBootBsp":	"false",
	"platFsblTarget":	"ps7_cortexa9_0",
	"hasFsblMakeHasChanges":	"false",
	"hasPmufwMakeHasChanges":	"false",
	"fsblExtraCompilerFlags":	"-MMD -MP       -mcpu=cortex-a9 -mfpu=vfpv3 -mfloat-abi=hard ",
	"platPreBuiltFlag":	false,
	"platformSamplesDir":	"",
	"platActiveSys":	"axi_gpio_plat",
	"systems":	[{
			"systemName":	"axi_gpio_plat",
			"systemDesc":	"axi_gpio_plat",
			"sysIsBootAutoGen":	"true",
			"systemDispName":	"axi_gpio_plat",
			"sysActiveDom":	"standalone_domain",
			"sysDefaultDom":	"standalone_domain",
			"domains":	[{
					"domainName":	"zynq_fsbl",
					"domainDispName":	"zynq_fsbl",
					"domainDesc":	"FSBL Application BSP - Auto Generated.",
					"processors":	"ps7_cortexa9_0",
					"os":	"standalone",
					"sdxOs":	"standalone",
					"debugEnable":	"",
					"domRuntimes":	["cpp"],
					"swRepo":	"",
					"mssOsVer":	"8.1",
					"mssFile":	"",
					"md5Digest":	"65693ccea2e90031f2dc4733d5bd991b",
					"compatibleApp":	"zynq_fsbl",
					"domType":	"bootDomain",
					"arch":	"32-bit",
					"appSettings":	{
						"appCompilerFlags":	"",
						"appLinkerFlags":	""
					},
					"addedLibs":	["xilffs:5.0", "xilrsa:1.6"],
					"libOptions":	{
						"libsContainingOptions":	[]
					},
					"prebuiltLibs":	{
						"prebuiltIncPath":	[],
						"prebuiltLibPath":	[]
					},
					"isolation":	{
					}
				}, {
					"domainName":	"standalone_domain",
					"domainDispName":	"standalone_domain",
					"domainDesc":	"standalone_domain",
					"processors":	"ps7_cortexa9_0",
					"os":	"standalone",
					"sdxOs":	"standalone",
					"qemuArgs":	"<platformDir>/resources/axi_gpio_plat/standalone_domain/qemu_args.txt",
					"qemuData":	"<platformDir>/resources/axi_gpio_plat/standalone_domain/qemu",
					"debugEnable":	"False",
					"domRuntimes":	["cpp"],
					"swRepo":	"",
					"mssOsVer":	"8.1",
					"mssFile":	"",
					"md5Digest":	"a82e1019665bce3dce07707172bb4370",
					"compatibleApp":	"",
					"domType":	"mssDomain",
					"appSettings":	{
						"appCompilerFlags":	"",
						"appLinkerFlags":	""
					},
					"addedLibs":	[],
					"libOptions":	{
						"libsContainingOptions":	[]
					},
					"prebuiltLibs":	{
						"prebuiltIncPath":	[],
						"prebuiltLibPath":	[]
					},
					"isolation":	{
					}
				}]
		}]
}
KEYINFO::2026-09-28.19:27:15::SCWPlatform::updated the xpfm file.
TRACE::2026-09-28.19:27:15::SCWPlatform::Trying to open the hw design at C:/Users/Char/Documents/ECE_520/Fall_26/axi_gpio_caa/axi_gpio_vitis/axi_gpio_plat/hw/axi_gpio_caa_wrapper.xsa
TRACE::2026-09-28.19:27:15::SCWPlatform::DSA given C:/Users/Char/Documents/ECE_520/Fall_26/axi_gpio_caa/axi_gpio_vitis/axi_gpio_plat/hw/axi_gpio_caa_wrapper.xsa
TRACE::2026-09-28.19:27:15::SCWPlatform::DSA absoulate path C:/Users/Char/Documents/ECE_520/Fall_26/axi_gpio_caa/axi_gpio_vitis/axi_gpio_plat/hw/axi_gpio_caa_wrapper.xsa
TRACE::2026-09-28.19:27:15::SCWPlatform::DSA directory C:/Users/Char/Documents/ECE_520/Fall_26/axi_gpio_caa/axi_gpio_vitis/axi_gpio_plat/hw
TRACE::2026-09-28.19:27:15::SCWPlatform:: Platform Path C:/Users/Char/Documents/ECE_520/Fall_26/axi_gpio_caa/axi_gpio_vitis/axi_gpio_plat/hw/axi_gpio_caa_wrapper.xsa
TRACE::2026-09-28.19:27:15::SCWPlatform:: Unique name xilinx:zybo-z7-10::0.0
TRACE::2026-09-28.19:27:15::SCWPlatform::Trying to set the existing hwdb with name axi_gpio_caa_wrapper_5
TRACE::2026-09-28.19:27:15::SCWPlatform::Opened existing hwdb axi_gpio_caa_wrapper_5
TRACE::2026-09-28.19:27:15::SCWPlatform::Found the Hw Db part of the input DSA
TRACE::2026-09-28.19:27:15::SCWMssOS::Checking the sw design at  C:/Users/Char/Documents/ECE_520/Fall_26/axi_gpio_caa/axi_gpio_vitis/axi_gpio_plat/ps7_cortexa9_0/standalone_domain/bsp/system.mss
TRACE::2026-09-28.19:27:15::SCWMssOS::DEBUG:  swdes dump  C:/Users/Char/Documents/ECE_520/Fall_26/axi_gpio_caa/axi_gpio_vitis/axi_gpio_plat/ps7_cortexa9_0/standalone_domain/bsp/system.mss|system_0||
C:/Users/Char/Documents/ECE_520/Fall_26/axi_gpio_caa/axi_gpio_vitis/axi_gpio_plat/zynq_fsbl/zynq_fsbl_bsp/system.mss|system||

TRACE::2026-09-28.19:27:15::SCWMssOS::Sw design exists and opened at  C:/Users/Char/Documents/ECE_520/Fall_26/axi_gpio_caa/axi_gpio_vitis/axi_gpio_plat/ps7_cortexa9_0/standalone_domain/bsp/system.mss
TRACE::2026-09-28.19:27:15::SCWMssOS::Saving the mss changes C:/Users/Char/Documents/ECE_520/Fall_26/axi_gpio_caa/axi_gpio_vitis/axi_gpio_plat/zynq_fsbl/zynq_fsbl_bsp/system.mss
TRACE::2026-09-28.19:27:15::SCWMssOS::Found a swdesign opened with the mssfile.
TRACE::2026-09-28.19:27:15::SCWMssOS::Completed writemss as part of save.
TRACE::2026-09-28.19:27:15::SCWMssOS::Commit changes completed.
TRACE::2026-09-28.19:27:15::SCWMssOS::Saving the mss changes C:/Users/Char/Documents/ECE_520/Fall_26/axi_gpio_caa/axi_gpio_vitis/axi_gpio_plat/ps7_cortexa9_0/standalone_domain/bsp/system.mss
TRACE::2026-09-28.19:27:15::SCWMssOS::Found a swdesign opened with the mssfile.
TRACE::2026-09-28.19:27:15::SCWMssOS::Completed writemss as part of save.
TRACE::2026-09-28.19:27:15::SCWMssOS::Commit changes completed.
TRACE::2026-09-28.19:27:15::SCWPlatform::Trying to open the hw design at C:/Users/Char/Documents/ECE_520/Fall_26/axi_gpio_caa/axi_gpio_vitis/axi_gpio_plat/hw/axi_gpio_caa_wrapper.xsa
TRACE::2026-09-28.19:27:15::SCWPlatform::DSA given C:/Users/Char/Documents/ECE_520/Fall_26/axi_gpio_caa/axi_gpio_vitis/axi_gpio_plat/hw/axi_gpio_caa_wrapper.xsa
TRACE::2026-09-28.19:27:15::SCWPlatform::DSA absoulate path C:/Users/Char/Documents/ECE_520/Fall_26/axi_gpio_caa/axi_gpio_vitis/axi_gpio_plat/hw/axi_gpio_caa_wrapper.xsa
TRACE::2026-09-28.19:27:15::SCWPlatform::DSA directory C:/Users/Char/Documents/ECE_520/Fall_26/axi_gpio_caa/axi_gpio_vitis/axi_gpio_plat/hw
TRACE::2026-09-28.19:27:15::SCWPlatform:: Platform Path C:/Users/Char/Documents/ECE_520/Fall_26/axi_gpio_caa/axi_gpio_vitis/axi_gpio_plat/hw/axi_gpio_caa_wrapper.xsa
TRACE::2026-09-28.19:27:15::SCWPlatform:: Unique name xilinx:zybo-z7-10::0.0
TRACE::2026-09-28.19:27:15::SCWPlatform::Trying to set the existing hwdb with name axi_gpio_caa_wrapper_5
TRACE::2026-09-28.19:27:15::SCWPlatform::Opened existing hwdb axi_gpio_caa_wrapper_5
TRACE::2026-09-28.19:27:15::SCWPlatform::Found the Hw Db part of the input DSA
TRACE::2026-09-28.19:27:15::SCWMssOS::Checking the sw design at  C:/Users/Char/Documents/ECE_520/Fall_26/axi_gpio_caa/axi_gpio_vitis/axi_gpio_plat/zynq_fsbl/zynq_fsbl_bsp/system.mss
TRACE::2026-09-28.19:27:15::SCWMssOS::DEBUG:  swdes dump  C:/Users/Char/Documents/ECE_520/Fall_26/axi_gpio_caa/axi_gpio_vitis/axi_gpio_plat/ps7_cortexa9_0/standalone_domain/bsp/system.mss|system_0||
C:/Users/Char/Documents/ECE_520/Fall_26/axi_gpio_caa/axi_gpio_vitis/axi_gpio_plat/zynq_fsbl/zynq_fsbl_bsp/system.mss|system||

TRACE::2026-09-28.19:27:15::SCWMssOS::Sw design exists and opened at  C:/Users/Char/Documents/ECE_520/Fall_26/axi_gpio_caa/axi_gpio_vitis/axi_gpio_plat/zynq_fsbl/zynq_fsbl_bsp/system.mss
TRACE::2026-09-28.19:27:15::SCWPlatform::Trying to open the hw design at C:/Users/Char/Documents/ECE_520/Fall_26/axi_gpio_caa/axi_gpio_vitis/axi_gpio_plat/hw/axi_gpio_caa_wrapper.xsa
TRACE::2026-09-28.19:27:15::SCWPlatform::DSA given C:/Users/Char/Documents/ECE_520/Fall_26/axi_gpio_caa/axi_gpio_vitis/axi_gpio_plat/hw/axi_gpio_caa_wrapper.xsa
TRACE::2026-09-28.19:27:15::SCWPlatform::DSA absoulate path C:/Users/Char/Documents/ECE_520/Fall_26/axi_gpio_caa/axi_gpio_vitis/axi_gpio_plat/hw/axi_gpio_caa_wrapper.xsa
TRACE::2026-09-28.19:27:15::SCWPlatform::DSA directory C:/Users/Char/Documents/ECE_520/Fall_26/axi_gpio_caa/axi_gpio_vitis/axi_gpio_plat/hw
TRACE::2026-09-28.19:27:15::SCWPlatform:: Platform Path C:/Users/Char/Documents/ECE_520/Fall_26/axi_gpio_caa/axi_gpio_vitis/axi_gpio_plat/hw/axi_gpio_caa_wrapper.xsa
TRACE::2026-09-28.19:27:15::SCWPlatform:: Unique name xilinx:zybo-z7-10::0.0
TRACE::2026-09-28.19:27:15::SCWPlatform::Trying to set the existing hwdb with name axi_gpio_caa_wrapper_5
TRACE::2026-09-28.19:27:15::SCWPlatform::Opened existing hwdb axi_gpio_caa_wrapper_5
TRACE::2026-09-28.19:27:15::SCWPlatform::Found the Hw Db part of the input DSA
TRACE::2026-09-28.19:27:15::SCWMssOS::Checking the sw design at  C:/Users/Char/Documents/ECE_520/Fall_26/axi_gpio_caa/axi_gpio_vitis/axi_gpio_plat/zynq_fsbl/zynq_fsbl_bsp/system.mss
TRACE::2026-09-28.19:27:15::SCWMssOS::DEBUG:  swdes dump  C:/Users/Char/Documents/ECE_520/Fall_26/axi_gpio_caa/axi_gpio_vitis/axi_gpio_plat/ps7_cortexa9_0/standalone_domain/bsp/system.mss|system_0||
C:/Users/Char/Documents/ECE_520/Fall_26/axi_gpio_caa/axi_gpio_vitis/axi_gpio_plat/zynq_fsbl/zynq_fsbl_bsp/system.mss|system||

TRACE::2026-09-28.19:27:15::SCWMssOS::Sw design exists and opened at  C:/Users/Char/Documents/ECE_520/Fall_26/axi_gpio_caa/axi_gpio_vitis/axi_gpio_plat/zynq_fsbl/zynq_fsbl_bsp/system.mss
TRACE::2026-09-28.19:27:15::SCWPlatform::Trying to open the hw design at C:/Users/Char/Documents/ECE_520/Fall_26/axi_gpio_caa/axi_gpio_vitis/axi_gpio_plat/hw/axi_gpio_caa_wrapper.xsa
TRACE::2026-09-28.19:27:15::SCWPlatform::DSA given C:/Users/Char/Documents/ECE_520/Fall_26/axi_gpio_caa/axi_gpio_vitis/axi_gpio_plat/hw/axi_gpio_caa_wrapper.xsa
TRACE::2026-09-28.19:27:15::SCWPlatform::DSA absoulate path C:/Users/Char/Documents/ECE_520/Fall_26/axi_gpio_caa/axi_gpio_vitis/axi_gpio_plat/hw/axi_gpio_caa_wrapper.xsa
TRACE::2026-09-28.19:27:15::SCWPlatform::DSA directory C:/Users/Char/Documents/ECE_520/Fall_26/axi_gpio_caa/axi_gpio_vitis/axi_gpio_plat/hw
TRACE::2026-09-28.19:27:15::SCWPlatform:: Platform Path C:/Users/Char/Documents/ECE_520/Fall_26/axi_gpio_caa/axi_gpio_vitis/axi_gpio_plat/hw/axi_gpio_caa_wrapper.xsa
TRACE::2026-09-28.19:27:15::SCWPlatform:: Unique name xilinx:zybo-z7-10::0.0
TRACE::2026-09-28.19:27:15::SCWPlatform::Trying to set the existing hwdb with name axi_gpio_caa_wrapper_5
TRACE::2026-09-28.19:27:15::SCWPlatform::Opened existing hwdb axi_gpio_caa_wrapper_5
TRACE::2026-09-28.19:27:15::SCWPlatform::Found the Hw Db part of the input DSA
TRACE::2026-09-28.19:27:15::SCWMssOS::Checking the sw design at  C:/Users/Char/Documents/ECE_520/Fall_26/axi_gpio_caa/axi_gpio_vitis/axi_gpio_plat/zynq_fsbl/zynq_fsbl_bsp/system.mss
TRACE::2026-09-28.19:27:15::SCWMssOS::DEBUG:  swdes dump  C:/Users/Char/Documents/ECE_520/Fall_26/axi_gpio_caa/axi_gpio_vitis/axi_gpio_plat/ps7_cortexa9_0/standalone_domain/bsp/system.mss|system_0||
C:/Users/Char/Documents/ECE_520/Fall_26/axi_gpio_caa/axi_gpio_vitis/axi_gpio_plat/zynq_fsbl/zynq_fsbl_bsp/system.mss|system||

TRACE::2026-09-28.19:27:15::SCWMssOS::Sw design exists and opened at  C:/Users/Char/Documents/ECE_520/Fall_26/axi_gpio_caa/axi_gpio_vitis/axi_gpio_plat/zynq_fsbl/zynq_fsbl_bsp/system.mss
TRACE::2026-09-28.19:27:15::SCWPlatform::Trying to open the hw design at C:/Users/Char/Documents/ECE_520/Fall_26/axi_gpio_caa/axi_gpio_vitis/axi_gpio_plat/hw/axi_gpio_caa_wrapper.xsa
TRACE::2026-09-28.19:27:15::SCWPlatform::DSA given C:/Users/Char/Documents/ECE_520/Fall_26/axi_gpio_caa/axi_gpio_vitis/axi_gpio_plat/hw/axi_gpio_caa_wrapper.xsa
TRACE::2026-09-28.19:27:15::SCWPlatform::DSA absoulate path C:/Users/Char/Documents/ECE_520/Fall_26/axi_gpio_caa/axi_gpio_vitis/axi_gpio_plat/hw/axi_gpio_caa_wrapper.xsa
TRACE::2026-09-28.19:27:15::SCWPlatform::DSA directory C:/Users/Char/Documents/ECE_520/Fall_26/axi_gpio_caa/axi_gpio_vitis/axi_gpio_plat/hw
TRACE::2026-09-28.19:27:15::SCWPlatform:: Platform Path C:/Users/Char/Documents/ECE_520/Fall_26/axi_gpio_caa/axi_gpio_vitis/axi_gpio_plat/hw/axi_gpio_caa_wrapper.xsa
TRACE::2026-09-28.19:27:15::SCWPlatform:: Unique name xilinx:zybo-z7-10::0.0
TRACE::2026-09-28.19:27:15::SCWPlatform::Trying to set the existing hwdb with name axi_gpio_caa_wrapper_5
TRACE::2026-09-28.19:27:15::SCWPlatform::Opened existing hwdb axi_gpio_caa_wrapper_5
TRACE::2026-09-28.19:27:15::SCWPlatform::Found the Hw Db part of the input DSA
TRACE::2026-09-28.19:27:15::SCWMssOS::Checking the sw design at  C:/Users/Char/Documents/ECE_520/Fall_26/axi_gpio_caa/axi_gpio_vitis/axi_gpio_plat/ps7_cortexa9_0/standalone_domain/bsp/system.mss
TRACE::2026-09-28.19:27:15::SCWMssOS::DEBUG:  swdes dump  C:/Users/Char/Documents/ECE_520/Fall_26/axi_gpio_caa/axi_gpio_vitis/axi_gpio_plat/ps7_cortexa9_0/standalone_domain/bsp/system.mss|system_0||
C:/Users/Char/Documents/ECE_520/Fall_26/axi_gpio_caa/axi_gpio_vitis/axi_gpio_plat/zynq_fsbl/zynq_fsbl_bsp/system.mss|system||

TRACE::2026-09-28.19:27:15::SCWMssOS::Sw design exists and opened at  C:/Users/Char/Documents/ECE_520/Fall_26/axi_gpio_caa/axi_gpio_vitis/axi_gpio_plat/ps7_cortexa9_0/standalone_domain/bsp/system.mss
TRACE::2026-09-28.19:27:15::SCWPlatform::Trying to open the hw design at C:/Users/Char/Documents/ECE_520/Fall_26/axi_gpio_caa/axi_gpio_vitis/axi_gpio_plat/hw/axi_gpio_caa_wrapper.xsa
TRACE::2026-09-28.19:27:15::SCWPlatform::DSA given C:/Users/Char/Documents/ECE_520/Fall_26/axi_gpio_caa/axi_gpio_vitis/axi_gpio_plat/hw/axi_gpio_caa_wrapper.xsa
TRACE::2026-09-28.19:27:15::SCWPlatform::DSA absoulate path C:/Users/Char/Documents/ECE_520/Fall_26/axi_gpio_caa/axi_gpio_vitis/axi_gpio_plat/hw/axi_gpio_caa_wrapper.xsa
TRACE::2026-09-28.19:27:15::SCWPlatform::DSA directory C:/Users/Char/Documents/ECE_520/Fall_26/axi_gpio_caa/axi_gpio_vitis/axi_gpio_plat/hw
TRACE::2026-09-28.19:27:15::SCWPlatform:: Platform Path C:/Users/Char/Documents/ECE_520/Fall_26/axi_gpio_caa/axi_gpio_vitis/axi_gpio_plat/hw/axi_gpio_caa_wrapper.xsa
TRACE::2026-09-28.19:27:15::SCWPlatform:: Unique name xilinx:zybo-z7-10::0.0
TRACE::2026-09-28.19:27:15::SCWPlatform::Trying to set the existing hwdb with name axi_gpio_caa_wrapper_5
TRACE::2026-09-28.19:27:15::SCWPlatform::Opened existing hwdb axi_gpio_caa_wrapper_5
TRACE::2026-09-28.19:27:15::SCWPlatform::Found the Hw Db part of the input DSA
TRACE::2026-09-28.19:27:15::SCWMssOS::Checking the sw design at  C:/Users/Char/Documents/ECE_520/Fall_26/axi_gpio_caa/axi_gpio_vitis/axi_gpio_plat/ps7_cortexa9_0/standalone_domain/bsp/system.mss
TRACE::2026-09-28.19:27:15::SCWMssOS::DEBUG:  swdes dump  C:/Users/Char/Documents/ECE_520/Fall_26/axi_gpio_caa/axi_gpio_vitis/axi_gpio_plat/ps7_cortexa9_0/standalone_domain/bsp/system.mss|system_0||
C:/Users/Char/Documents/ECE_520/Fall_26/axi_gpio_caa/axi_gpio_vitis/axi_gpio_plat/zynq_fsbl/zynq_fsbl_bsp/system.mss|system||

TRACE::2026-09-28.19:27:15::SCWMssOS::Sw design exists and opened at  C:/Users/Char/Documents/ECE_520/Fall_26/axi_gpio_caa/axi_gpio_vitis/axi_gpio_plat/ps7_cortexa9_0/standalone_domain/bsp/system.mss
TRACE::2026-09-28.19:27:15::SCWPlatform::Trying to open the hw design at C:/Users/Char/Documents/ECE_520/Fall_26/axi_gpio_caa/axi_gpio_vitis/axi_gpio_plat/hw/axi_gpio_caa_wrapper.xsa
TRACE::2026-09-28.19:27:15::SCWPlatform::DSA given C:/Users/Char/Documents/ECE_520/Fall_26/axi_gpio_caa/axi_gpio_vitis/axi_gpio_plat/hw/axi_gpio_caa_wrapper.xsa
TRACE::2026-09-28.19:27:15::SCWPlatform::DSA absoulate path C:/Users/Char/Documents/ECE_520/Fall_26/axi_gpio_caa/axi_gpio_vitis/axi_gpio_plat/hw/axi_gpio_caa_wrapper.xsa
TRACE::2026-09-28.19:27:15::SCWPlatform::DSA directory C:/Users/Char/Documents/ECE_520/Fall_26/axi_gpio_caa/axi_gpio_vitis/axi_gpio_plat/hw
TRACE::2026-09-28.19:27:15::SCWPlatform:: Platform Path C:/Users/Char/Documents/ECE_520/Fall_26/axi_gpio_caa/axi_gpio_vitis/axi_gpio_plat/hw/axi_gpio_caa_wrapper.xsa
TRACE::2026-09-28.19:27:15::SCWPlatform:: Unique name xilinx:zybo-z7-10::0.0
TRACE::2026-09-28.19:27:15::SCWPlatform::Trying to set the existing hwdb with name axi_gpio_caa_wrapper_5
TRACE::2026-09-28.19:27:15::SCWPlatform::Opened existing hwdb axi_gpio_caa_wrapper_5
TRACE::2026-09-28.19:27:15::SCWPlatform::Found the Hw Db part of the input DSA
TRACE::2026-09-28.19:27:15::SCWMssOS::Checking the sw design at  C:/Users/Char/Documents/ECE_520/Fall_26/axi_gpio_caa/axi_gpio_vitis/axi_gpio_plat/ps7_cortexa9_0/standalone_domain/bsp/system.mss
TRACE::2026-09-28.19:27:15::SCWMssOS::DEBUG:  swdes dump  C:/Users/Char/Documents/ECE_520/Fall_26/axi_gpio_caa/axi_gpio_vitis/axi_gpio_plat/ps7_cortexa9_0/standalone_domain/bsp/system.mss|system_0||
C:/Users/Char/Documents/ECE_520/Fall_26/axi_gpio_caa/axi_gpio_vitis/axi_gpio_plat/zynq_fsbl/zynq_fsbl_bsp/system.mss|system||

TRACE::2026-09-28.19:27:15::SCWMssOS::Sw design exists and opened at  C:/Users/Char/Documents/ECE_520/Fall_26/axi_gpio_caa/axi_gpio_vitis/axi_gpio_plat/ps7_cortexa9_0/standalone_domain/bsp/system.mss
TRACE::2026-09-28.19:27:15::SCWWriter::formatted JSON is {
	"platformName":	"axi_gpio_plat",
	"sprVersion":	"2.0",
	"mode":	"gui",
	"dsaType":	"Fixed",
	"platformDesc":	"axi_gpio_plat",
	"platHandOff":	"C:/Users/Char/Documents/ECE_520/Fall_26/axi_gpio_caa/axi_gpio_caa_wrapper.xsa",
	"platIntHandOff":	"<platformDir>/hw/axi_gpio_caa_wrapper.xsa",
	"deviceType":	"zynq",
	"platIsPrebuiltAutogen":	"false",
	"platIsNoBootBsp":	"false",
	"platFsblTarget":	"ps7_cortexa9_0",
	"hasFsblMakeHasChanges":	"false",
	"hasPmufwMakeHasChanges":	"false",
	"fsblExtraCompilerFlags":	"-MMD -MP       -mcpu=cortex-a9 -mfpu=vfpv3 -mfloat-abi=hard ",
	"platPreBuiltFlag":	false,
	"platformSamplesDir":	"",
	"platActiveSys":	"axi_gpio_plat",
	"systems":	[{
			"systemName":	"axi_gpio_plat",
			"systemDesc":	"axi_gpio_plat",
			"sysIsBootAutoGen":	"true",
			"systemDispName":	"axi_gpio_plat",
			"sysActiveDom":	"standalone_domain",
			"sysDefaultDom":	"standalone_domain",
			"domains":	[{
					"domainName":	"zynq_fsbl",
					"domainDispName":	"zynq_fsbl",
					"domainDesc":	"FSBL Application BSP - Auto Generated.",
					"processors":	"ps7_cortexa9_0",
					"os":	"standalone",
					"sdxOs":	"standalone",
					"debugEnable":	"",
					"domRuntimes":	["cpp"],
					"swRepo":	"",
					"mssOsVer":	"8.1",
					"mssFile":	"",
					"md5Digest":	"65693ccea2e90031f2dc4733d5bd991b",
					"compatibleApp":	"zynq_fsbl",
					"domType":	"bootDomain",
					"arch":	"32-bit",
					"appSettings":	{
						"appCompilerFlags":	"",
						"appLinkerFlags":	""
					},
					"addedLibs":	["xilffs:5.0", "xilrsa:1.6"],
					"libOptions":	{
						"libsContainingOptions":	[]
					},
					"prebuiltLibs":	{
						"prebuiltIncPath":	[],
						"prebuiltLibPath":	[]
					},
					"isolation":	{
					}
				}, {
					"domainName":	"standalone_domain",
					"domainDispName":	"standalone_domain",
					"domainDesc":	"standalone_domain",
					"processors":	"ps7_cortexa9_0",
					"os":	"standalone",
					"sdxOs":	"standalone",
					"qemuArgs":	"<platformDir>/resources/axi_gpio_plat/standalone_domain/qemu_args.txt",
					"qemuData":	"<platformDir>/resources/axi_gpio_plat/standalone_domain/qemu",
					"debugEnable":	"False",
					"domRuntimes":	["cpp"],
					"swRepo":	"",
					"mssOsVer":	"8.1",
					"mssFile":	"",
					"md5Digest":	"a82e1019665bce3dce07707172bb4370",
					"compatibleApp":	"",
					"domType":	"mssDomain",
					"appSettings":	{
						"appCompilerFlags":	"",
						"appLinkerFlags":	""
					},
					"addedLibs":	[],
					"libOptions":	{
						"libsContainingOptions":	[]
					},
					"prebuiltLibs":	{
						"prebuiltIncPath":	[],
						"prebuiltLibPath":	[]
					},
					"isolation":	{
					}
				}]
		}]
}
TRACE::2026-09-28.19:27:15::SCWPlatform::Trying to open the hw design at C:/Users/Char/Documents/ECE_520/Fall_26/axi_gpio_caa/axi_gpio_vitis/axi_gpio_plat/hw/axi_gpio_caa_wrapper.xsa
TRACE::2026-09-28.19:27:15::SCWPlatform::DSA given C:/Users/Char/Documents/ECE_520/Fall_26/axi_gpio_caa/axi_gpio_vitis/axi_gpio_plat/hw/axi_gpio_caa_wrapper.xsa
TRACE::2026-09-28.19:27:15::SCWPlatform::DSA absoulate path C:/Users/Char/Documents/ECE_520/Fall_26/axi_gpio_caa/axi_gpio_vitis/axi_gpio_plat/hw/axi_gpio_caa_wrapper.xsa
TRACE::2026-09-28.19:27:15::SCWPlatform::DSA directory C:/Users/Char/Documents/ECE_520/Fall_26/axi_gpio_caa/axi_gpio_vitis/axi_gpio_plat/hw
TRACE::2026-09-28.19:27:15::SCWPlatform:: Platform Path C:/Users/Char/Documents/ECE_520/Fall_26/axi_gpio_caa/axi_gpio_vitis/axi_gpio_plat/hw/axi_gpio_caa_wrapper.xsa
TRACE::2026-09-28.19:27:15::SCWPlatform:: Unique name xilinx:zybo-z7-10::0.0
TRACE::2026-09-28.19:27:15::SCWPlatform::Trying to set the existing hwdb with name axi_gpio_caa_wrapper_5
TRACE::2026-09-28.19:27:15::SCWPlatform::Opened existing hwdb axi_gpio_caa_wrapper_5
TRACE::2026-09-28.19:27:15::SCWPlatform::Found the Hw Db part of the input DSA
TRACE::2026-09-28.19:27:15::SCWMssOS::Checking the sw design at  C:/Users/Char/Documents/ECE_520/Fall_26/axi_gpio_caa/axi_gpio_vitis/axi_gpio_plat/ps7_cortexa9_0/standalone_domain/bsp/system.mss
TRACE::2026-09-28.19:27:15::SCWMssOS::DEBUG:  swdes dump  C:/Users/Char/Documents/ECE_520/Fall_26/axi_gpio_caa/axi_gpio_vitis/axi_gpio_plat/ps7_cortexa9_0/standalone_domain/bsp/system.mss|system_0||
C:/Users/Char/Documents/ECE_520/Fall_26/axi_gpio_caa/axi_gpio_vitis/axi_gpio_plat/zynq_fsbl/zynq_fsbl_bsp/system.mss|system||

TRACE::2026-09-28.19:27:15::SCWMssOS::Sw design exists and opened at  C:/Users/Char/Documents/ECE_520/Fall_26/axi_gpio_caa/axi_gpio_vitis/axi_gpio_plat/ps7_cortexa9_0/standalone_domain/bsp/system.mss
TRACE::2026-09-28.19:27:15::SCWPlatform::Trying to open the hw design at C:/Users/Char/Documents/ECE_520/Fall_26/axi_gpio_caa/axi_gpio_vitis/axi_gpio_plat/hw/axi_gpio_caa_wrapper.xsa
TRACE::2026-09-28.19:27:15::SCWPlatform::DSA given C:/Users/Char/Documents/ECE_520/Fall_26/axi_gpio_caa/axi_gpio_vitis/axi_gpio_plat/hw/axi_gpio_caa_wrapper.xsa
TRACE::2026-09-28.19:27:15::SCWPlatform::DSA absoulate path C:/Users/Char/Documents/ECE_520/Fall_26/axi_gpio_caa/axi_gpio_vitis/axi_gpio_plat/hw/axi_gpio_caa_wrapper.xsa
TRACE::2026-09-28.19:27:15::SCWPlatform::DSA directory C:/Users/Char/Documents/ECE_520/Fall_26/axi_gpio_caa/axi_gpio_vitis/axi_gpio_plat/hw
TRACE::2026-09-28.19:27:15::SCWPlatform:: Platform Path C:/Users/Char/Documents/ECE_520/Fall_26/axi_gpio_caa/axi_gpio_vitis/axi_gpio_plat/hw/axi_gpio_caa_wrapper.xsa
TRACE::2026-09-28.19:27:15::SCWPlatform:: Unique name xilinx:zybo-z7-10::0.0
TRACE::2026-09-28.19:27:15::SCWPlatform::Trying to set the existing hwdb with name axi_gpio_caa_wrapper_5
TRACE::2026-09-28.19:27:15::SCWPlatform::Opened existing hwdb axi_gpio_caa_wrapper_5
TRACE::2026-09-28.19:27:15::SCWPlatform::Found the Hw Db part of the input DSA
TRACE::2026-09-28.19:27:15::SCWMssOS::Checking the sw design at  C:/Users/Char/Documents/ECE_520/Fall_26/axi_gpio_caa/axi_gpio_vitis/axi_gpio_plat/ps7_cortexa9_0/standalone_domain/bsp/system.mss
TRACE::2026-09-28.19:27:15::SCWMssOS::DEBUG:  swdes dump  C:/Users/Char/Documents/ECE_520/Fall_26/axi_gpio_caa/axi_gpio_vitis/axi_gpio_plat/ps7_cortexa9_0/standalone_domain/bsp/system.mss|system_0||
C:/Users/Char/Documents/ECE_520/Fall_26/axi_gpio_caa/axi_gpio_vitis/axi_gpio_plat/zynq_fsbl/zynq_fsbl_bsp/system.mss|system||

TRACE::2026-09-28.19:27:15::SCWMssOS::Sw design exists and opened at  C:/Users/Char/Documents/ECE_520/Fall_26/axi_gpio_caa/axi_gpio_vitis/axi_gpio_plat/ps7_cortexa9_0/standalone_domain/bsp/system.mss
TRACE::2026-09-28.19:27:15::SCWPlatform::Trying to open the hw design at C:/Users/Char/Documents/ECE_520/Fall_26/axi_gpio_caa/axi_gpio_vitis/axi_gpio_plat/hw/axi_gpio_caa_wrapper.xsa
TRACE::2026-09-28.19:27:15::SCWPlatform::DSA given C:/Users/Char/Documents/ECE_520/Fall_26/axi_gpio_caa/axi_gpio_vitis/axi_gpio_plat/hw/axi_gpio_caa_wrapper.xsa
TRACE::2026-09-28.19:27:15::SCWPlatform::DSA absoulate path C:/Users/Char/Documents/ECE_520/Fall_26/axi_gpio_caa/axi_gpio_vitis/axi_gpio_plat/hw/axi_gpio_caa_wrapper.xsa
TRACE::2026-09-28.19:27:15::SCWPlatform::DSA directory C:/Users/Char/Documents/ECE_520/Fall_26/axi_gpio_caa/axi_gpio_vitis/axi_gpio_plat/hw
TRACE::2026-09-28.19:27:15::SCWPlatform:: Platform Path C:/Users/Char/Documents/ECE_520/Fall_26/axi_gpio_caa/axi_gpio_vitis/axi_gpio_plat/hw/axi_gpio_caa_wrapper.xsa
TRACE::2026-09-28.19:27:15::SCWPlatform:: Unique name xilinx:zybo-z7-10::0.0
TRACE::2026-09-28.19:27:15::SCWPlatform::Trying to set the existing hwdb with name axi_gpio_caa_wrapper_5
TRACE::2026-09-28.19:27:15::SCWPlatform::Opened existing hwdb axi_gpio_caa_wrapper_5
TRACE::2026-09-28.19:27:15::SCWPlatform::Found the Hw Db part of the input DSA
TRACE::2026-09-28.19:27:15::SCWMssOS::Checking the sw design at  C:/Users/Char/Documents/ECE_520/Fall_26/axi_gpio_caa/axi_gpio_vitis/axi_gpio_plat/ps7_cortexa9_0/standalone_domain/bsp/system.mss
TRACE::2026-09-28.19:27:15::SCWMssOS::DEBUG:  swdes dump  C:/Users/Char/Documents/ECE_520/Fall_26/axi_gpio_caa/axi_gpio_vitis/axi_gpio_plat/ps7_cortexa9_0/standalone_domain/bsp/system.mss|system_0||
C:/Users/Char/Documents/ECE_520/Fall_26/axi_gpio_caa/axi_gpio_vitis/axi_gpio_plat/zynq_fsbl/zynq_fsbl_bsp/system.mss|system||

TRACE::2026-09-28.19:27:15::SCWMssOS::Sw design exists and opened at  C:/Users/Char/Documents/ECE_520/Fall_26/axi_gpio_caa/axi_gpio_vitis/axi_gpio_plat/ps7_cortexa9_0/standalone_domain/bsp/system.mss
TRACE::2026-09-28.19:27:15::SCWMssOS::Saving the mss changes C:/Users/Char/Documents/ECE_520/Fall_26/axi_gpio_caa/axi_gpio_vitis/axi_gpio_plat/zynq_fsbl/zynq_fsbl_bsp/system.mss
TRACE::2026-09-28.19:27:15::SCWMssOS::Found a swdesign opened with the mssfile.
TRACE::2026-09-28.19:27:15::SCWMssOS::Completed writemss as part of save.
TRACE::2026-09-28.19:27:15::SCWMssOS::Commit changes completed.
TRACE::2026-09-28.19:27:15::SCWMssOS::Saving the mss changes C:/Users/Char/Documents/ECE_520/Fall_26/axi_gpio_caa/axi_gpio_vitis/axi_gpio_plat/ps7_cortexa9_0/standalone_domain/bsp/system.mss
TRACE::2026-09-28.19:27:15::SCWMssOS::Found a swdesign opened with the mssfile.
TRACE::2026-09-28.19:27:15::SCWMssOS::Completed writemss as part of save.
TRACE::2026-09-28.19:27:15::SCWMssOS::Commit changes completed.
TRACE::2026-09-28.19:27:15::SCWPlatform::Trying to open the hw design at C:/Users/Char/Documents/ECE_520/Fall_26/axi_gpio_caa/axi_gpio_vitis/axi_gpio_plat/hw/axi_gpio_caa_wrapper.xsa
TRACE::2026-09-28.19:27:15::SCWPlatform::DSA given C:/Users/Char/Documents/ECE_520/Fall_26/axi_gpio_caa/axi_gpio_vitis/axi_gpio_plat/hw/axi_gpio_caa_wrapper.xsa
TRACE::2026-09-28.19:27:15::SCWPlatform::DSA absoulate path C:/Users/Char/Documents/ECE_520/Fall_26/axi_gpio_caa/axi_gpio_vitis/axi_gpio_plat/hw/axi_gpio_caa_wrapper.xsa
TRACE::2026-09-28.19:27:15::SCWPlatform::DSA directory C:/Users/Char/Documents/ECE_520/Fall_26/axi_gpio_caa/axi_gpio_vitis/axi_gpio_plat/hw
TRACE::2026-09-28.19:27:15::SCWPlatform:: Platform Path C:/Users/Char/Documents/ECE_520/Fall_26/axi_gpio_caa/axi_gpio_vitis/axi_gpio_plat/hw/axi_gpio_caa_wrapper.xsa
TRACE::2026-09-28.19:27:15::SCWPlatform:: Unique name xilinx:zybo-z7-10::0.0
TRACE::2026-09-28.19:27:15::SCWPlatform::Trying to set the existing hwdb with name axi_gpio_caa_wrapper_5
TRACE::2026-09-28.19:27:15::SCWPlatform::Opened existing hwdb axi_gpio_caa_wrapper_5
TRACE::2026-09-28.19:27:15::SCWPlatform::Found the Hw Db part of the input DSA
TRACE::2026-09-28.19:27:15::SCWMssOS::Checking the sw design at  C:/Users/Char/Documents/ECE_520/Fall_26/axi_gpio_caa/axi_gpio_vitis/axi_gpio_plat/zynq_fsbl/zynq_fsbl_bsp/system.mss
TRACE::2026-09-28.19:27:15::SCWMssOS::DEBUG:  swdes dump  C:/Users/Char/Documents/ECE_520/Fall_26/axi_gpio_caa/axi_gpio_vitis/axi_gpio_plat/ps7_cortexa9_0/standalone_domain/bsp/system.mss|system_0||
C:/Users/Char/Documents/ECE_520/Fall_26/axi_gpio_caa/axi_gpio_vitis/axi_gpio_plat/zynq_fsbl/zynq_fsbl_bsp/system.mss|system||

TRACE::2026-09-28.19:27:15::SCWMssOS::Sw design exists and opened at  C:/Users/Char/Documents/ECE_520/Fall_26/axi_gpio_caa/axi_gpio_vitis/axi_gpio_plat/zynq_fsbl/zynq_fsbl_bsp/system.mss
TRACE::2026-09-28.19:27:15::SCWPlatform::Trying to open the hw design at C:/Users/Char/Documents/ECE_520/Fall_26/axi_gpio_caa/axi_gpio_vitis/axi_gpio_plat/hw/axi_gpio_caa_wrapper.xsa
TRACE::2026-09-28.19:27:15::SCWPlatform::DSA given C:/Users/Char/Documents/ECE_520/Fall_26/axi_gpio_caa/axi_gpio_vitis/axi_gpio_plat/hw/axi_gpio_caa_wrapper.xsa
TRACE::2026-09-28.19:27:15::SCWPlatform::DSA absoulate path C:/Users/Char/Documents/ECE_520/Fall_26/axi_gpio_caa/axi_gpio_vitis/axi_gpio_plat/hw/axi_gpio_caa_wrapper.xsa
TRACE::2026-09-28.19:27:15::SCWPlatform::DSA directory C:/Users/Char/Documents/ECE_520/Fall_26/axi_gpio_caa/axi_gpio_vitis/axi_gpio_plat/hw
TRACE::2026-09-28.19:27:15::SCWPlatform:: Platform Path C:/Users/Char/Documents/ECE_520/Fall_26/axi_gpio_caa/axi_gpio_vitis/axi_gpio_plat/hw/axi_gpio_caa_wrapper.xsa
TRACE::2026-09-28.19:27:15::SCWPlatform:: Unique name xilinx:zybo-z7-10::0.0
TRACE::2026-09-28.19:27:15::SCWPlatform::Trying to set the existing hwdb with name axi_gpio_caa_wrapper_5
TRACE::2026-09-28.19:27:15::SCWPlatform::Opened existing hwdb axi_gpio_caa_wrapper_5
TRACE::2026-09-28.19:27:15::SCWPlatform::Found the Hw Db part of the input DSA
TRACE::2026-09-28.19:27:15::SCWMssOS::Checking the sw design at  C:/Users/Char/Documents/ECE_520/Fall_26/axi_gpio_caa/axi_gpio_vitis/axi_gpio_plat/zynq_fsbl/zynq_fsbl_bsp/system.mss
TRACE::2026-09-28.19:27:15::SCWMssOS::DEBUG:  swdes dump  C:/Users/Char/Documents/ECE_520/Fall_26/axi_gpio_caa/axi_gpio_vitis/axi_gpio_plat/ps7_cortexa9_0/standalone_domain/bsp/system.mss|system_0||
C:/Users/Char/Documents/ECE_520/Fall_26/axi_gpio_caa/axi_gpio_vitis/axi_gpio_plat/zynq_fsbl/zynq_fsbl_bsp/system.mss|system||

TRACE::2026-09-28.19:27:15::SCWMssOS::Sw design exists and opened at  C:/Users/Char/Documents/ECE_520/Fall_26/axi_gpio_caa/axi_gpio_vitis/axi_gpio_plat/zynq_fsbl/zynq_fsbl_bsp/system.mss
TRACE::2026-09-28.19:27:15::SCWPlatform::Trying to open the hw design at C:/Users/Char/Documents/ECE_520/Fall_26/axi_gpio_caa/axi_gpio_vitis/axi_gpio_plat/hw/axi_gpio_caa_wrapper.xsa
TRACE::2026-09-28.19:27:15::SCWPlatform::DSA given C:/Users/Char/Documents/ECE_520/Fall_26/axi_gpio_caa/axi_gpio_vitis/axi_gpio_plat/hw/axi_gpio_caa_wrapper.xsa
TRACE::2026-09-28.19:27:15::SCWPlatform::DSA absoulate path C:/Users/Char/Documents/ECE_520/Fall_26/axi_gpio_caa/axi_gpio_vitis/axi_gpio_plat/hw/axi_gpio_caa_wrapper.xsa
TRACE::2026-09-28.19:27:15::SCWPlatform::DSA directory C:/Users/Char/Documents/ECE_520/Fall_26/axi_gpio_caa/axi_gpio_vitis/axi_gpio_plat/hw
TRACE::2026-09-28.19:27:15::SCWPlatform:: Platform Path C:/Users/Char/Documents/ECE_520/Fall_26/axi_gpio_caa/axi_gpio_vitis/axi_gpio_plat/hw/axi_gpio_caa_wrapper.xsa
TRACE::2026-09-28.19:27:15::SCWPlatform:: Unique name xilinx:zybo-z7-10::0.0
TRACE::2026-09-28.19:27:15::SCWPlatform::Trying to set the existing hwdb with name axi_gpio_caa_wrapper_5
TRACE::2026-09-28.19:27:15::SCWPlatform::Opened existing hwdb axi_gpio_caa_wrapper_5
TRACE::2026-09-28.19:27:15::SCWPlatform::Found the Hw Db part of the input DSA
TRACE::2026-09-28.19:27:15::SCWMssOS::Checking the sw design at  C:/Users/Char/Documents/ECE_520/Fall_26/axi_gpio_caa/axi_gpio_vitis/axi_gpio_plat/zynq_fsbl/zynq_fsbl_bsp/system.mss
TRACE::2026-09-28.19:27:15::SCWMssOS::DEBUG:  swdes dump  C:/Users/Char/Documents/ECE_520/Fall_26/axi_gpio_caa/axi_gpio_vitis/axi_gpio_plat/ps7_cortexa9_0/standalone_domain/bsp/system.mss|system_0||
C:/Users/Char/Documents/ECE_520/Fall_26/axi_gpio_caa/axi_gpio_vitis/axi_gpio_plat/zynq_fsbl/zynq_fsbl_bsp/system.mss|system||

TRACE::2026-09-28.19:27:15::SCWMssOS::Sw design exists and opened at  C:/Users/Char/Documents/ECE_520/Fall_26/axi_gpio_caa/axi_gpio_vitis/axi_gpio_plat/zynq_fsbl/zynq_fsbl_bsp/system.mss
TRACE::2026-09-28.19:27:15::SCWPlatform::Trying to open the hw design at C:/Users/Char/Documents/ECE_520/Fall_26/axi_gpio_caa/axi_gpio_vitis/axi_gpio_plat/hw/axi_gpio_caa_wrapper.xsa
TRACE::2026-09-28.19:27:15::SCWPlatform::DSA given C:/Users/Char/Documents/ECE_520/Fall_26/axi_gpio_caa/axi_gpio_vitis/axi_gpio_plat/hw/axi_gpio_caa_wrapper.xsa
TRACE::2026-09-28.19:27:15::SCWPlatform::DSA absoulate path C:/Users/Char/Documents/ECE_520/Fall_26/axi_gpio_caa/axi_gpio_vitis/axi_gpio_plat/hw/axi_gpio_caa_wrapper.xsa
TRACE::2026-09-28.19:27:15::SCWPlatform::DSA directory C:/Users/Char/Documents/ECE_520/Fall_26/axi_gpio_caa/axi_gpio_vitis/axi_gpio_plat/hw
TRACE::2026-09-28.19:27:15::SCWPlatform:: Platform Path C:/Users/Char/Documents/ECE_520/Fall_26/axi_gpio_caa/axi_gpio_vitis/axi_gpio_plat/hw/axi_gpio_caa_wrapper.xsa
TRACE::2026-09-28.19:27:15::SCWPlatform:: Unique name xilinx:zybo-z7-10::0.0
TRACE::2026-09-28.19:27:15::SCWPlatform::Trying to set the existing hwdb with name axi_gpio_caa_wrapper_5
TRACE::2026-09-28.19:27:15::SCWPlatform::Opened existing hwdb axi_gpio_caa_wrapper_5
TRACE::2026-09-28.19:27:15::SCWPlatform::Found the Hw Db part of the input DSA
TRACE::2026-09-28.19:27:15::SCWMssOS::Checking the sw design at  C:/Users/Char/Documents/ECE_520/Fall_26/axi_gpio_caa/axi_gpio_vitis/axi_gpio_plat/ps7_cortexa9_0/standalone_domain/bsp/system.mss
TRACE::2026-09-28.19:27:15::SCWMssOS::DEBUG:  swdes dump  C:/Users/Char/Documents/ECE_520/Fall_26/axi_gpio_caa/axi_gpio_vitis/axi_gpio_plat/ps7_cortexa9_0/standalone_domain/bsp/system.mss|system_0||
C:/Users/Char/Documents/ECE_520/Fall_26/axi_gpio_caa/axi_gpio_vitis/axi_gpio_plat/zynq_fsbl/zynq_fsbl_bsp/system.mss|system||

TRACE::2026-09-28.19:27:15::SCWMssOS::Sw design exists and opened at  C:/Users/Char/Documents/ECE_520/Fall_26/axi_gpio_caa/axi_gpio_vitis/axi_gpio_plat/ps7_cortexa9_0/standalone_domain/bsp/system.mss
TRACE::2026-09-28.19:27:15::SCWPlatform::Trying to open the hw design at C:/Users/Char/Documents/ECE_520/Fall_26/axi_gpio_caa/axi_gpio_vitis/axi_gpio_plat/hw/axi_gpio_caa_wrapper.xsa
TRACE::2026-09-28.19:27:15::SCWPlatform::DSA given C:/Users/Char/Documents/ECE_520/Fall_26/axi_gpio_caa/axi_gpio_vitis/axi_gpio_plat/hw/axi_gpio_caa_wrapper.xsa
TRACE::2026-09-28.19:27:15::SCWPlatform::DSA absoulate path C:/Users/Char/Documents/ECE_520/Fall_26/axi_gpio_caa/axi_gpio_vitis/axi_gpio_plat/hw/axi_gpio_caa_wrapper.xsa
TRACE::2026-09-28.19:27:15::SCWPlatform::DSA directory C:/Users/Char/Documents/ECE_520/Fall_26/axi_gpio_caa/axi_gpio_vitis/axi_gpio_plat/hw
TRACE::2026-09-28.19:27:15::SCWPlatform:: Platform Path C:/Users/Char/Documents/ECE_520/Fall_26/axi_gpio_caa/axi_gpio_vitis/axi_gpio_plat/hw/axi_gpio_caa_wrapper.xsa
TRACE::2026-09-28.19:27:15::SCWPlatform:: Unique name xilinx:zybo-z7-10::0.0
TRACE::2026-09-28.19:27:15::SCWPlatform::Trying to set the existing hwdb with name axi_gpio_caa_wrapper_5
TRACE::2026-09-28.19:27:15::SCWPlatform::Opened existing hwdb axi_gpio_caa_wrapper_5
TRACE::2026-09-28.19:27:15::SCWPlatform::Found the Hw Db part of the input DSA
TRACE::2026-09-28.19:27:15::SCWMssOS::Checking the sw design at  C:/Users/Char/Documents/ECE_520/Fall_26/axi_gpio_caa/axi_gpio_vitis/axi_gpio_plat/ps7_cortexa9_0/standalone_domain/bsp/system.mss
TRACE::2026-09-28.19:27:15::SCWMssOS::DEBUG:  swdes dump  C:/Users/Char/Documents/ECE_520/Fall_26/axi_gpio_caa/axi_gpio_vitis/axi_gpio_plat/ps7_cortexa9_0/standalone_domain/bsp/system.mss|system_0||
C:/Users/Char/Documents/ECE_520/Fall_26/axi_gpio_caa/axi_gpio_vitis/axi_gpio_plat/zynq_fsbl/zynq_fsbl_bsp/system.mss|system||

TRACE::2026-09-28.19:27:15::SCWMssOS::Sw design exists and opened at  C:/Users/Char/Documents/ECE_520/Fall_26/axi_gpio_caa/axi_gpio_vitis/axi_gpio_plat/ps7_cortexa9_0/standalone_domain/bsp/system.mss
TRACE::2026-09-28.19:27:15::SCWPlatform::Trying to open the hw design at C:/Users/Char/Documents/ECE_520/Fall_26/axi_gpio_caa/axi_gpio_vitis/axi_gpio_plat/hw/axi_gpio_caa_wrapper.xsa
TRACE::2026-09-28.19:27:15::SCWPlatform::DSA given C:/Users/Char/Documents/ECE_520/Fall_26/axi_gpio_caa/axi_gpio_vitis/axi_gpio_plat/hw/axi_gpio_caa_wrapper.xsa
TRACE::2026-09-28.19:27:15::SCWPlatform::DSA absoulate path C:/Users/Char/Documents/ECE_520/Fall_26/axi_gpio_caa/axi_gpio_vitis/axi_gpio_plat/hw/axi_gpio_caa_wrapper.xsa
TRACE::2026-09-28.19:27:15::SCWPlatform::DSA directory C:/Users/Char/Documents/ECE_520/Fall_26/axi_gpio_caa/axi_gpio_vitis/axi_gpio_plat/hw
TRACE::2026-09-28.19:27:15::SCWPlatform:: Platform Path C:/Users/Char/Documents/ECE_520/Fall_26/axi_gpio_caa/axi_gpio_vitis/axi_gpio_plat/hw/axi_gpio_caa_wrapper.xsa
TRACE::2026-09-28.19:27:15::SCWPlatform:: Unique name xilinx:zybo-z7-10::0.0
TRACE::2026-09-28.19:27:15::SCWPlatform::Trying to set the existing hwdb with name axi_gpio_caa_wrapper_5
TRACE::2026-09-28.19:27:15::SCWPlatform::Opened existing hwdb axi_gpio_caa_wrapper_5
TRACE::2026-09-28.19:27:15::SCWPlatform::Found the Hw Db part of the input DSA
TRACE::2026-09-28.19:27:15::SCWMssOS::Checking the sw design at  C:/Users/Char/Documents/ECE_520/Fall_26/axi_gpio_caa/axi_gpio_vitis/axi_gpio_plat/ps7_cortexa9_0/standalone_domain/bsp/system.mss
TRACE::2026-09-28.19:27:15::SCWMssOS::DEBUG:  swdes dump  C:/Users/Char/Documents/ECE_520/Fall_26/axi_gpio_caa/axi_gpio_vitis/axi_gpio_plat/ps7_cortexa9_0/standalone_domain/bsp/system.mss|system_0||
C:/Users/Char/Documents/ECE_520/Fall_26/axi_gpio_caa/axi_gpio_vitis/axi_gpio_plat/zynq_fsbl/zynq_fsbl_bsp/system.mss|system||

TRACE::2026-09-28.19:27:15::SCWMssOS::Sw design exists and opened at  C:/Users/Char/Documents/ECE_520/Fall_26/axi_gpio_caa/axi_gpio_vitis/axi_gpio_plat/ps7_cortexa9_0/standalone_domain/bsp/system.mss
TRACE::2026-09-28.19:27:15::SCWWriter::formatted JSON is {
	"platformName":	"axi_gpio_plat",
	"sprVersion":	"2.0",
	"mode":	"gui",
	"dsaType":	"Fixed",
	"platformDesc":	"axi_gpio_plat",
	"platHandOff":	"C:/Users/Char/Documents/ECE_520/Fall_26/axi_gpio_caa/axi_gpio_caa_wrapper.xsa",
	"platIntHandOff":	"<platformDir>/hw/axi_gpio_caa_wrapper.xsa",
	"deviceType":	"zynq",
	"platIsPrebuiltAutogen":	"false",
	"platIsNoBootBsp":	"false",
	"platFsblTarget":	"ps7_cortexa9_0",
	"hasFsblMakeHasChanges":	"false",
	"hasPmufwMakeHasChanges":	"false",
	"fsblExtraCompilerFlags":	"-MMD -MP       -mcpu=cortex-a9 -mfpu=vfpv3 -mfloat-abi=hard ",
	"platPreBuiltFlag":	false,
	"platformSamplesDir":	"",
	"platActiveSys":	"axi_gpio_plat",
	"systems":	[{
			"systemName":	"axi_gpio_plat",
			"systemDesc":	"axi_gpio_plat",
			"sysIsBootAutoGen":	"true",
			"systemDispName":	"axi_gpio_plat",
			"sysActiveDom":	"standalone_domain",
			"sysDefaultDom":	"standalone_domain",
			"domains":	[{
					"domainName":	"zynq_fsbl",
					"domainDispName":	"zynq_fsbl",
					"domainDesc":	"FSBL Application BSP - Auto Generated.",
					"processors":	"ps7_cortexa9_0",
					"os":	"standalone",
					"sdxOs":	"standalone",
					"debugEnable":	"",
					"domRuntimes":	["cpp"],
					"swRepo":	"",
					"mssOsVer":	"8.1",
					"mssFile":	"",
					"md5Digest":	"65693ccea2e90031f2dc4733d5bd991b",
					"compatibleApp":	"zynq_fsbl",
					"domType":	"bootDomain",
					"arch":	"32-bit",
					"appSettings":	{
						"appCompilerFlags":	"",
						"appLinkerFlags":	""
					},
					"addedLibs":	["xilffs:5.0", "xilrsa:1.6"],
					"libOptions":	{
						"libsContainingOptions":	[]
					},
					"prebuiltLibs":	{
						"prebuiltIncPath":	[],
						"prebuiltLibPath":	[]
					},
					"isolation":	{
					}
				}, {
					"domainName":	"standalone_domain",
					"domainDispName":	"standalone on ps7_cortexa9_0",
					"domainDesc":	"standalone_domain",
					"processors":	"ps7_cortexa9_0",
					"os":	"standalone",
					"sdxOs":	"standalone",
					"qemuArgs":	"<platformDir>/resources/axi_gpio_plat/standalone_domain/qemu_args.txt",
					"qemuData":	"<platformDir>/resources/axi_gpio_plat/standalone_domain/qemu",
					"debugEnable":	"False",
					"domRuntimes":	["cpp"],
					"swRepo":	"",
					"mssOsVer":	"8.1",
					"mssFile":	"",
					"md5Digest":	"a82e1019665bce3dce07707172bb4370",
					"compatibleApp":	"",
					"domType":	"mssDomain",
					"appSettings":	{
						"appCompilerFlags":	"",
						"appLinkerFlags":	""
					},
					"addedLibs":	[],
					"libOptions":	{
						"libsContainingOptions":	[]
					},
					"prebuiltLibs":	{
						"prebuiltIncPath":	[],
						"prebuiltLibPath":	[]
					},
					"isolation":	{
					}
				}]
		}]
}
TRACE::2026-09-28.19:27:15::SCWMssOS::Saving the mss changes C:/Users/Char/Documents/ECE_520/Fall_26/axi_gpio_caa/axi_gpio_vitis/axi_gpio_plat/zynq_fsbl/zynq_fsbl_bsp/system.mss
TRACE::2026-09-28.19:27:15::SCWMssOS::Found a swdesign opened with the mssfile.
TRACE::2026-09-28.19:27:15::SCWMssOS::Completed writemss as part of save.
TRACE::2026-09-28.19:27:15::SCWMssOS::Commit changes completed.
TRACE::2026-09-28.19:27:15::SCWMssOS::Saving the mss changes C:/Users/Char/Documents/ECE_520/Fall_26/axi_gpio_caa/axi_gpio_vitis/axi_gpio_plat/ps7_cortexa9_0/standalone_domain/bsp/system.mss
TRACE::2026-09-28.19:27:15::SCWMssOS::Found a swdesign opened with the mssfile.
TRACE::2026-09-28.19:27:15::SCWMssOS::Completed writemss as part of save.
TRACE::2026-09-28.19:27:15::SCWMssOS::Commit changes completed.
TRACE::2026-09-28.19:27:15::SCWPlatform::Trying to open the hw design at C:/Users/Char/Documents/ECE_520/Fall_26/axi_gpio_caa/axi_gpio_vitis/axi_gpio_plat/hw/axi_gpio_caa_wrapper.xsa
TRACE::2026-09-28.19:27:15::SCWPlatform::DSA given C:/Users/Char/Documents/ECE_520/Fall_26/axi_gpio_caa/axi_gpio_vitis/axi_gpio_plat/hw/axi_gpio_caa_wrapper.xsa
TRACE::2026-09-28.19:27:15::SCWPlatform::DSA absoulate path C:/Users/Char/Documents/ECE_520/Fall_26/axi_gpio_caa/axi_gpio_vitis/axi_gpio_plat/hw/axi_gpio_caa_wrapper.xsa
TRACE::2026-09-28.19:27:15::SCWPlatform::DSA directory C:/Users/Char/Documents/ECE_520/Fall_26/axi_gpio_caa/axi_gpio_vitis/axi_gpio_plat/hw
TRACE::2026-09-28.19:27:15::SCWPlatform:: Platform Path C:/Users/Char/Documents/ECE_520/Fall_26/axi_gpio_caa/axi_gpio_vitis/axi_gpio_plat/hw/axi_gpio_caa_wrapper.xsa
TRACE::2026-09-28.19:27:15::SCWPlatform:: Unique name xilinx:zybo-z7-10::0.0
TRACE::2026-09-28.19:27:15::SCWPlatform::Trying to set the existing hwdb with name axi_gpio_caa_wrapper_5
TRACE::2026-09-28.19:27:15::SCWPlatform::Opened existing hwdb axi_gpio_caa_wrapper_5
TRACE::2026-09-28.19:27:15::SCWPlatform::Found the Hw Db part of the input DSA
TRACE::2026-09-28.19:27:15::SCWMssOS::Checking the sw design at  C:/Users/Char/Documents/ECE_520/Fall_26/axi_gpio_caa/axi_gpio_vitis/axi_gpio_plat/zynq_fsbl/zynq_fsbl_bsp/system.mss
TRACE::2026-09-28.19:27:15::SCWMssOS::DEBUG:  swdes dump  C:/Users/Char/Documents/ECE_520/Fall_26/axi_gpio_caa/axi_gpio_vitis/axi_gpio_plat/ps7_cortexa9_0/standalone_domain/bsp/system.mss|system_0||
C:/Users/Char/Documents/ECE_520/Fall_26/axi_gpio_caa/axi_gpio_vitis/axi_gpio_plat/zynq_fsbl/zynq_fsbl_bsp/system.mss|system||

TRACE::2026-09-28.19:27:15::SCWMssOS::Sw design exists and opened at  C:/Users/Char/Documents/ECE_520/Fall_26/axi_gpio_caa/axi_gpio_vitis/axi_gpio_plat/zynq_fsbl/zynq_fsbl_bsp/system.mss
TRACE::2026-09-28.19:27:15::SCWPlatform::Trying to open the hw design at C:/Users/Char/Documents/ECE_520/Fall_26/axi_gpio_caa/axi_gpio_vitis/axi_gpio_plat/hw/axi_gpio_caa_wrapper.xsa
TRACE::2026-09-28.19:27:15::SCWPlatform::DSA given C:/Users/Char/Documents/ECE_520/Fall_26/axi_gpio_caa/axi_gpio_vitis/axi_gpio_plat/hw/axi_gpio_caa_wrapper.xsa
TRACE::2026-09-28.19:27:15::SCWPlatform::DSA absoulate path C:/Users/Char/Documents/ECE_520/Fall_26/axi_gpio_caa/axi_gpio_vitis/axi_gpio_plat/hw/axi_gpio_caa_wrapper.xsa
TRACE::2026-09-28.19:27:15::SCWPlatform::DSA directory C:/Users/Char/Documents/ECE_520/Fall_26/axi_gpio_caa/axi_gpio_vitis/axi_gpio_plat/hw
TRACE::2026-09-28.19:27:15::SCWPlatform:: Platform Path C:/Users/Char/Documents/ECE_520/Fall_26/axi_gpio_caa/axi_gpio_vitis/axi_gpio_plat/hw/axi_gpio_caa_wrapper.xsa
TRACE::2026-09-28.19:27:15::SCWPlatform:: Unique name xilinx:zybo-z7-10::0.0
TRACE::2026-09-28.19:27:15::SCWPlatform::Trying to set the existing hwdb with name axi_gpio_caa_wrapper_5
TRACE::2026-09-28.19:27:15::SCWPlatform::Opened existing hwdb axi_gpio_caa_wrapper_5
TRACE::2026-09-28.19:27:15::SCWPlatform::Found the Hw Db part of the input DSA
TRACE::2026-09-28.19:27:15::SCWMssOS::Checking the sw design at  C:/Users/Char/Documents/ECE_520/Fall_26/axi_gpio_caa/axi_gpio_vitis/axi_gpio_plat/zynq_fsbl/zynq_fsbl_bsp/system.mss
TRACE::2026-09-28.19:27:15::SCWMssOS::DEBUG:  swdes dump  C:/Users/Char/Documents/ECE_520/Fall_26/axi_gpio_caa/axi_gpio_vitis/axi_gpio_plat/ps7_cortexa9_0/standalone_domain/bsp/system.mss|system_0||
C:/Users/Char/Documents/ECE_520/Fall_26/axi_gpio_caa/axi_gpio_vitis/axi_gpio_plat/zynq_fsbl/zynq_fsbl_bsp/system.mss|system||

TRACE::2026-09-28.19:27:15::SCWMssOS::Sw design exists and opened at  C:/Users/Char/Documents/ECE_520/Fall_26/axi_gpio_caa/axi_gpio_vitis/axi_gpio_plat/zynq_fsbl/zynq_fsbl_bsp/system.mss
TRACE::2026-09-28.19:27:15::SCWPlatform::Trying to open the hw design at C:/Users/Char/Documents/ECE_520/Fall_26/axi_gpio_caa/axi_gpio_vitis/axi_gpio_plat/hw/axi_gpio_caa_wrapper.xsa
TRACE::2026-09-28.19:27:15::SCWPlatform::DSA given C:/Users/Char/Documents/ECE_520/Fall_26/axi_gpio_caa/axi_gpio_vitis/axi_gpio_plat/hw/axi_gpio_caa_wrapper.xsa
TRACE::2026-09-28.19:27:15::SCWPlatform::DSA absoulate path C:/Users/Char/Documents/ECE_520/Fall_26/axi_gpio_caa/axi_gpio_vitis/axi_gpio_plat/hw/axi_gpio_caa_wrapper.xsa
TRACE::2026-09-28.19:27:15::SCWPlatform::DSA directory C:/Users/Char/Documents/ECE_520/Fall_26/axi_gpio_caa/axi_gpio_vitis/axi_gpio_plat/hw
TRACE::2026-09-28.19:27:15::SCWPlatform:: Platform Path C:/Users/Char/Documents/ECE_520/Fall_26/axi_gpio_caa/axi_gpio_vitis/axi_gpio_plat/hw/axi_gpio_caa_wrapper.xsa
TRACE::2026-09-28.19:27:15::SCWPlatform:: Unique name xilinx:zybo-z7-10::0.0
TRACE::2026-09-28.19:27:15::SCWPlatform::Trying to set the existing hwdb with name axi_gpio_caa_wrapper_5
TRACE::2026-09-28.19:27:15::SCWPlatform::Opened existing hwdb axi_gpio_caa_wrapper_5
TRACE::2026-09-28.19:27:16::SCWPlatform::Found the Hw Db part of the input DSA
TRACE::2026-09-28.19:27:16::SCWMssOS::Checking the sw design at  C:/Users/Char/Documents/ECE_520/Fall_26/axi_gpio_caa/axi_gpio_vitis/axi_gpio_plat/zynq_fsbl/zynq_fsbl_bsp/system.mss
TRACE::2026-09-28.19:27:16::SCWMssOS::DEBUG:  swdes dump  C:/Users/Char/Documents/ECE_520/Fall_26/axi_gpio_caa/axi_gpio_vitis/axi_gpio_plat/ps7_cortexa9_0/standalone_domain/bsp/system.mss|system_0||
C:/Users/Char/Documents/ECE_520/Fall_26/axi_gpio_caa/axi_gpio_vitis/axi_gpio_plat/zynq_fsbl/zynq_fsbl_bsp/system.mss|system||

TRACE::2026-09-28.19:27:16::SCWMssOS::Sw design exists and opened at  C:/Users/Char/Documents/ECE_520/Fall_26/axi_gpio_caa/axi_gpio_vitis/axi_gpio_plat/zynq_fsbl/zynq_fsbl_bsp/system.mss
TRACE::2026-09-28.19:27:16::SCWPlatform::Trying to open the hw design at C:/Users/Char/Documents/ECE_520/Fall_26/axi_gpio_caa/axi_gpio_vitis/axi_gpio_plat/hw/axi_gpio_caa_wrapper.xsa
TRACE::2026-09-28.19:27:16::SCWPlatform::DSA given C:/Users/Char/Documents/ECE_520/Fall_26/axi_gpio_caa/axi_gpio_vitis/axi_gpio_plat/hw/axi_gpio_caa_wrapper.xsa
TRACE::2026-09-28.19:27:16::SCWPlatform::DSA absoulate path C:/Users/Char/Documents/ECE_520/Fall_26/axi_gpio_caa/axi_gpio_vitis/axi_gpio_plat/hw/axi_gpio_caa_wrapper.xsa
TRACE::2026-09-28.19:27:16::SCWPlatform::DSA directory C:/Users/Char/Documents/ECE_520/Fall_26/axi_gpio_caa/axi_gpio_vitis/axi_gpio_plat/hw
TRACE::2026-09-28.19:27:16::SCWPlatform:: Platform Path C:/Users/Char/Documents/ECE_520/Fall_26/axi_gpio_caa/axi_gpio_vitis/axi_gpio_plat/hw/axi_gpio_caa_wrapper.xsa
TRACE::2026-09-28.19:27:16::SCWPlatform:: Unique name xilinx:zybo-z7-10::0.0
TRACE::2026-09-28.19:27:16::SCWPlatform::Trying to set the existing hwdb with name axi_gpio_caa_wrapper_5
TRACE::2026-09-28.19:27:16::SCWPlatform::Opened existing hwdb axi_gpio_caa_wrapper_5
TRACE::2026-09-28.19:27:16::SCWPlatform::Found the Hw Db part of the input DSA
TRACE::2026-09-28.19:27:16::SCWMssOS::Checking the sw design at  C:/Users/Char/Documents/ECE_520/Fall_26/axi_gpio_caa/axi_gpio_vitis/axi_gpio_plat/ps7_cortexa9_0/standalone_domain/bsp/system.mss
TRACE::2026-09-28.19:27:16::SCWMssOS::DEBUG:  swdes dump  C:/Users/Char/Documents/ECE_520/Fall_26/axi_gpio_caa/axi_gpio_vitis/axi_gpio_plat/ps7_cortexa9_0/standalone_domain/bsp/system.mss|system_0||
C:/Users/Char/Documents/ECE_520/Fall_26/axi_gpio_caa/axi_gpio_vitis/axi_gpio_plat/zynq_fsbl/zynq_fsbl_bsp/system.mss|system||

TRACE::2026-09-28.19:27:16::SCWMssOS::Sw design exists and opened at  C:/Users/Char/Documents/ECE_520/Fall_26/axi_gpio_caa/axi_gpio_vitis/axi_gpio_plat/ps7_cortexa9_0/standalone_domain/bsp/system.mss
TRACE::2026-09-28.19:27:16::SCWPlatform::Trying to open the hw design at C:/Users/Char/Documents/ECE_520/Fall_26/axi_gpio_caa/axi_gpio_vitis/axi_gpio_plat/hw/axi_gpio_caa_wrapper.xsa
TRACE::2026-09-28.19:27:16::SCWPlatform::DSA given C:/Users/Char/Documents/ECE_520/Fall_26/axi_gpio_caa/axi_gpio_vitis/axi_gpio_plat/hw/axi_gpio_caa_wrapper.xsa
TRACE::2026-09-28.19:27:16::SCWPlatform::DSA absoulate path C:/Users/Char/Documents/ECE_520/Fall_26/axi_gpio_caa/axi_gpio_vitis/axi_gpio_plat/hw/axi_gpio_caa_wrapper.xsa
TRACE::2026-09-28.19:27:16::SCWPlatform::DSA directory C:/Users/Char/Documents/ECE_520/Fall_26/axi_gpio_caa/axi_gpio_vitis/axi_gpio_plat/hw
TRACE::2026-09-28.19:27:16::SCWPlatform:: Platform Path C:/Users/Char/Documents/ECE_520/Fall_26/axi_gpio_caa/axi_gpio_vitis/axi_gpio_plat/hw/axi_gpio_caa_wrapper.xsa
TRACE::2026-09-28.19:27:16::SCWPlatform:: Unique name xilinx:zybo-z7-10::0.0
TRACE::2026-09-28.19:27:16::SCWPlatform::Trying to set the existing hwdb with name axi_gpio_caa_wrapper_5
TRACE::2026-09-28.19:27:16::SCWPlatform::Opened existing hwdb axi_gpio_caa_wrapper_5
TRACE::2026-09-28.19:27:16::SCWPlatform::Found the Hw Db part of the input DSA
TRACE::2026-09-28.19:27:16::SCWMssOS::Checking the sw design at  C:/Users/Char/Documents/ECE_520/Fall_26/axi_gpio_caa/axi_gpio_vitis/axi_gpio_plat/ps7_cortexa9_0/standalone_domain/bsp/system.mss
TRACE::2026-09-28.19:27:16::SCWMssOS::DEBUG:  swdes dump  C:/Users/Char/Documents/ECE_520/Fall_26/axi_gpio_caa/axi_gpio_vitis/axi_gpio_plat/ps7_cortexa9_0/standalone_domain/bsp/system.mss|system_0||
C:/Users/Char/Documents/ECE_520/Fall_26/axi_gpio_caa/axi_gpio_vitis/axi_gpio_plat/zynq_fsbl/zynq_fsbl_bsp/system.mss|system||

TRACE::2026-09-28.19:27:16::SCWMssOS::Sw design exists and opened at  C:/Users/Char/Documents/ECE_520/Fall_26/axi_gpio_caa/axi_gpio_vitis/axi_gpio_plat/ps7_cortexa9_0/standalone_domain/bsp/system.mss
TRACE::2026-09-28.19:27:16::SCWPlatform::Trying to open the hw design at C:/Users/Char/Documents/ECE_520/Fall_26/axi_gpio_caa/axi_gpio_vitis/axi_gpio_plat/hw/axi_gpio_caa_wrapper.xsa
TRACE::2026-09-28.19:27:16::SCWPlatform::DSA given C:/Users/Char/Documents/ECE_520/Fall_26/axi_gpio_caa/axi_gpio_vitis/axi_gpio_plat/hw/axi_gpio_caa_wrapper.xsa
TRACE::2026-09-28.19:27:16::SCWPlatform::DSA absoulate path C:/Users/Char/Documents/ECE_520/Fall_26/axi_gpio_caa/axi_gpio_vitis/axi_gpio_plat/hw/axi_gpio_caa_wrapper.xsa
TRACE::2026-09-28.19:27:16::SCWPlatform::DSA directory C:/Users/Char/Documents/ECE_520/Fall_26/axi_gpio_caa/axi_gpio_vitis/axi_gpio_plat/hw
TRACE::2026-09-28.19:27:16::SCWPlatform:: Platform Path C:/Users/Char/Documents/ECE_520/Fall_26/axi_gpio_caa/axi_gpio_vitis/axi_gpio_plat/hw/axi_gpio_caa_wrapper.xsa
TRACE::2026-09-28.19:27:16::SCWPlatform:: Unique name xilinx:zybo-z7-10::0.0
TRACE::2026-09-28.19:27:16::SCWPlatform::Trying to set the existing hwdb with name axi_gpio_caa_wrapper_5
TRACE::2026-09-28.19:27:16::SCWPlatform::Opened existing hwdb axi_gpio_caa_wrapper_5
TRACE::2026-09-28.19:27:16::SCWPlatform::Found the Hw Db part of the input DSA
TRACE::2026-09-28.19:27:16::SCWMssOS::Checking the sw design at  C:/Users/Char/Documents/ECE_520/Fall_26/axi_gpio_caa/axi_gpio_vitis/axi_gpio_plat/ps7_cortexa9_0/standalone_domain/bsp/system.mss
TRACE::2026-09-28.19:27:16::SCWMssOS::DEBUG:  swdes dump  C:/Users/Char/Documents/ECE_520/Fall_26/axi_gpio_caa/axi_gpio_vitis/axi_gpio_plat/ps7_cortexa9_0/standalone_domain/bsp/system.mss|system_0||
C:/Users/Char/Documents/ECE_520/Fall_26/axi_gpio_caa/axi_gpio_vitis/axi_gpio_plat/zynq_fsbl/zynq_fsbl_bsp/system.mss|system||

TRACE::2026-09-28.19:27:16::SCWMssOS::Sw design exists and opened at  C:/Users/Char/Documents/ECE_520/Fall_26/axi_gpio_caa/axi_gpio_vitis/axi_gpio_plat/ps7_cortexa9_0/standalone_domain/bsp/system.mss
TRACE::2026-09-28.19:27:16::SCWWriter::formatted JSON is {
	"platformName":	"axi_gpio_plat",
	"sprVersion":	"2.0",
	"mode":	"gui",
	"dsaType":	"Fixed",
	"platformDesc":	"axi_gpio_plat",
	"platHandOff":	"C:/Users/Char/Documents/ECE_520/Fall_26/axi_gpio_caa/axi_gpio_caa_wrapper.xsa",
	"platIntHandOff":	"<platformDir>/hw/axi_gpio_caa_wrapper.xsa",
	"deviceType":	"zynq",
	"platIsPrebuiltAutogen":	"false",
	"platIsNoBootBsp":	"false",
	"platFsblTarget":	"ps7_cortexa9_0",
	"hasFsblMakeHasChanges":	"false",
	"hasPmufwMakeHasChanges":	"false",
	"fsblExtraCompilerFlags":	"-MMD -MP       -mcpu=cortex-a9 -mfpu=vfpv3 -mfloat-abi=hard ",
	"platPreBuiltFlag":	false,
	"platformSamplesDir":	"",
	"platActiveSys":	"axi_gpio_plat",
	"systems":	[{
			"systemName":	"axi_gpio_plat",
			"systemDesc":	"axi_gpio_plat",
			"sysIsBootAutoGen":	"true",
			"systemDispName":	"axi_gpio_plat",
			"sysActiveDom":	"standalone_domain",
			"sysDefaultDom":	"standalone_domain",
			"domains":	[{
					"domainName":	"zynq_fsbl",
					"domainDispName":	"zynq_fsbl",
					"domainDesc":	"FSBL Application BSP - Auto Generated.",
					"processors":	"ps7_cortexa9_0",
					"os":	"standalone",
					"sdxOs":	"standalone",
					"debugEnable":	"",
					"domRuntimes":	["cpp"],
					"swRepo":	"",
					"mssOsVer":	"8.1",
					"mssFile":	"",
					"md5Digest":	"65693ccea2e90031f2dc4733d5bd991b",
					"compatibleApp":	"zynq_fsbl",
					"domType":	"bootDomain",
					"arch":	"32-bit",
					"appSettings":	{
						"appCompilerFlags":	"",
						"appLinkerFlags":	""
					},
					"addedLibs":	["xilffs:5.0", "xilrsa:1.6"],
					"libOptions":	{
						"libsContainingOptions":	[]
					},
					"prebuiltLibs":	{
						"prebuiltIncPath":	[],
						"prebuiltLibPath":	[]
					},
					"isolation":	{
					}
				}, {
					"domainName":	"standalone_domain",
					"domainDispName":	"standalone on ps7_cortexa9_0",
					"domainDesc":	"standalone_domain",
					"processors":	"ps7_cortexa9_0",
					"os":	"standalone",
					"sdxOs":	"standalone",
					"qemuArgs":	"<platformDir>/resources/axi_gpio_plat/standalone_domain/qemu_args.txt",
					"qemuData":	"<platformDir>/resources/axi_gpio_plat/standalone_domain/qemu",
					"debugEnable":	"False",
					"domRuntimes":	["cpp"],
					"swRepo":	"",
					"mssOsVer":	"8.1",
					"mssFile":	"",
					"md5Digest":	"a82e1019665bce3dce07707172bb4370",
					"compatibleApp":	"",
					"domType":	"mssDomain",
					"appSettings":	{
						"appCompilerFlags":	"",
						"appLinkerFlags":	""
					},
					"addedLibs":	[],
					"libOptions":	{
						"libsContainingOptions":	[]
					},
					"prebuiltLibs":	{
						"prebuiltIncPath":	[],
						"prebuiltLibPath":	[]
					},
					"isolation":	{
					}
				}]
		}]
}
TRACE::2026-09-28.19:27:16::SCWPlatform::Clearing the existing platform
TRACE::2026-09-28.19:27:16::SCWSystem::Clearing the existing sysconfig
TRACE::2026-09-28.19:27:16::SCWBDomain::clearing the fsbl build
TRACE::2026-09-28.19:27:16::SCWMssOS::Removing the swdes entry for  C:/Users/Char/Documents/ECE_520/Fall_26/axi_gpio_caa/axi_gpio_vitis/axi_gpio_plat/zynq_fsbl/zynq_fsbl_bsp/system.mss
TRACE::2026-09-28.19:27:16::SCWMssOS::Removing the swdes entry for  C:/Users/Char/Documents/ECE_520/Fall_26/axi_gpio_caa/axi_gpio_vitis/axi_gpio_plat/ps7_cortexa9_0/standalone_domain/bsp/system.mss
TRACE::2026-09-28.19:27:16::SCWSystem::Clearing the domains completed.
TRACE::2026-09-28.19:27:16::SCWPlatform::Clearing the opened hw db.
TRACE::2026-09-28.19:27:16::SCWPlatform::DSA given C:/Users/Char/Documents/ECE_520/Fall_26/axi_gpio_caa/axi_gpio_vitis/axi_gpio_plat/hw/axi_gpio_caa_wrapper.xsa
TRACE::2026-09-28.19:27:16::SCWPlatform::DSA absoulate path C:/Users/Char/Documents/ECE_520/Fall_26/axi_gpio_caa/axi_gpio_vitis/axi_gpio_plat/hw/axi_gpio_caa_wrapper.xsa
TRACE::2026-09-28.19:27:16::SCWPlatform:: Platform location is C:/Users/Char/Documents/ECE_520/Fall_26/axi_gpio_caa/axi_gpio_vitis/axi_gpio_plat/hw
TRACE::2026-09-28.19:27:16::SCWPlatform:: Platform Path C:/Users/Char/Documents/ECE_520/Fall_26/axi_gpio_caa/axi_gpio_vitis/axi_gpio_plat/hw/axi_gpio_caa_wrapper.xsa
TRACE::2026-09-28.19:27:16::SCWPlatform:: Unique name xilinx:zybo-z7-10::0.0
TRACE::2026-09-28.19:27:16::SCWPlatform::Removing the HwDB with name C:/Users/Char/Documents/ECE_520/Fall_26/axi_gpio_caa/axi_gpio_vitis/axi_gpio_plat/hw/axi_gpio_caa_wrapper.xsa
TRACE::2026-09-28.19:27:16::SCWPlatform::Trying to open the hw design at C:/Users/Char/Documents/ECE_520/Fall_26/axi_gpio_caa/axi_gpio_vitis/axi_gpio_plat/hw/axi_gpio_caa_wrapper.xsa
TRACE::2026-09-28.19:27:16::SCWPlatform::DSA given C:/Users/Char/Documents/ECE_520/Fall_26/axi_gpio_caa/axi_gpio_vitis/axi_gpio_plat/hw/axi_gpio_caa_wrapper.xsa
TRACE::2026-09-28.19:27:16::SCWPlatform::DSA absoulate path C:/Users/Char/Documents/ECE_520/Fall_26/axi_gpio_caa/axi_gpio_vitis/axi_gpio_plat/hw/axi_gpio_caa_wrapper.xsa
TRACE::2026-09-28.19:27:16::SCWPlatform::DSA directory C:/Users/Char/Documents/ECE_520/Fall_26/axi_gpio_caa/axi_gpio_vitis/axi_gpio_plat/hw
TRACE::2026-09-28.19:27:16::SCWPlatform:: Platform Path C:/Users/Char/Documents/ECE_520/Fall_26/axi_gpio_caa/axi_gpio_vitis/axi_gpio_plat/hw/axi_gpio_caa_wrapper.xsa
TRACE::2026-09-28.19:27:16::SCWPlatform:: Unique name xilinx:zybo-z7-10::0.0
TRACE::2026-09-28.19:27:16::SCWPlatform::Do not have an existing db opened. 
TRACE::2026-09-28.19:27:17::SCWPlatform::Opened new HwDB with name axi_gpio_caa_wrapper_6
TRACE::2026-09-28.19:27:17::SCWReader::Active system found as  axi_gpio_plat
TRACE::2026-09-28.19:27:17::SCWReader::Handling sysconfig axi_gpio_plat
TRACE::2026-09-28.19:27:17::SCWDomain::checking for install qemu data   : 
TRACE::2026-09-28.19:27:17::SCWDomain:: Using the QEMU Data from install at  : C:/Xilinx/Vitis/2023.1/data/emulation/platforms/zynq/sw/a9_standalone/qemu/
TRACE::2026-09-28.19:27:17::SCWDomain:: Using the QEMU args  from install at  : C:/Xilinx/Vitis/2023.1/data/emulation/platforms/zynq/sw/a9_standalone/qemu/qemu_args.txt
TRACE::2026-09-28.19:27:17::SCWPlatform::Trying to open the hw design at C:/Users/Char/Documents/ECE_520/Fall_26/axi_gpio_caa/axi_gpio_vitis/axi_gpio_plat/hw/axi_gpio_caa_wrapper.xsa
TRACE::2026-09-28.19:27:17::SCWPlatform::DSA given C:/Users/Char/Documents/ECE_520/Fall_26/axi_gpio_caa/axi_gpio_vitis/axi_gpio_plat/hw/axi_gpio_caa_wrapper.xsa
TRACE::2026-09-28.19:27:17::SCWPlatform::DSA absoulate path C:/Users/Char/Documents/ECE_520/Fall_26/axi_gpio_caa/axi_gpio_vitis/axi_gpio_plat/hw/axi_gpio_caa_wrapper.xsa
TRACE::2026-09-28.19:27:17::SCWPlatform::DSA directory C:/Users/Char/Documents/ECE_520/Fall_26/axi_gpio_caa/axi_gpio_vitis/axi_gpio_plat/hw
TRACE::2026-09-28.19:27:17::SCWPlatform:: Platform Path C:/Users/Char/Documents/ECE_520/Fall_26/axi_gpio_caa/axi_gpio_vitis/axi_gpio_plat/hw/axi_gpio_caa_wrapper.xsa
TRACE::2026-09-28.19:27:17::SCWPlatform:: Unique name xilinx:zybo-z7-10::0.0
TRACE::2026-09-28.19:27:17::SCWPlatform::Trying to set the existing hwdb with name axi_gpio_caa_wrapper_6
TRACE::2026-09-28.19:27:17::SCWPlatform::Opened existing hwdb axi_gpio_caa_wrapper_6
TRACE::2026-09-28.19:27:17::SCWPlatform::Found the Hw Db part of the input DSA
TRACE::2026-09-28.19:27:17::SCWPlatform::Trying to open the hw design at C:/Users/Char/Documents/ECE_520/Fall_26/axi_gpio_caa/axi_gpio_vitis/axi_gpio_plat/hw/axi_gpio_caa_wrapper.xsa
TRACE::2026-09-28.19:27:17::SCWPlatform::DSA given C:/Users/Char/Documents/ECE_520/Fall_26/axi_gpio_caa/axi_gpio_vitis/axi_gpio_plat/hw/axi_gpio_caa_wrapper.xsa
TRACE::2026-09-28.19:27:17::SCWPlatform::DSA absoulate path C:/Users/Char/Documents/ECE_520/Fall_26/axi_gpio_caa/axi_gpio_vitis/axi_gpio_plat/hw/axi_gpio_caa_wrapper.xsa
TRACE::2026-09-28.19:27:17::SCWPlatform::DSA directory C:/Users/Char/Documents/ECE_520/Fall_26/axi_gpio_caa/axi_gpio_vitis/axi_gpio_plat/hw
TRACE::2026-09-28.19:27:17::SCWPlatform:: Platform Path C:/Users/Char/Documents/ECE_520/Fall_26/axi_gpio_caa/axi_gpio_vitis/axi_gpio_plat/hw/axi_gpio_caa_wrapper.xsa
TRACE::2026-09-28.19:27:17::SCWPlatform:: Unique name xilinx:zybo-z7-10::0.0
TRACE::2026-09-28.19:27:17::SCWPlatform::Trying to set the existing hwdb with name axi_gpio_caa_wrapper_6
TRACE::2026-09-28.19:27:17::SCWPlatform::Opened existing hwdb axi_gpio_caa_wrapper_6
TRACE::2026-09-28.19:27:17::SCWPlatform::Found the Hw Db part of the input DSA
TRACE::2026-09-28.19:27:17::SCWPlatform::Trying to open the hw design at C:/Users/Char/Documents/ECE_520/Fall_26/axi_gpio_caa/axi_gpio_vitis/axi_gpio_plat/hw/axi_gpio_caa_wrapper.xsa
TRACE::2026-09-28.19:27:17::SCWPlatform::DSA given C:/Users/Char/Documents/ECE_520/Fall_26/axi_gpio_caa/axi_gpio_vitis/axi_gpio_plat/hw/axi_gpio_caa_wrapper.xsa
TRACE::2026-09-28.19:27:17::SCWPlatform::DSA absoulate path C:/Users/Char/Documents/ECE_520/Fall_26/axi_gpio_caa/axi_gpio_vitis/axi_gpio_plat/hw/axi_gpio_caa_wrapper.xsa
TRACE::2026-09-28.19:27:17::SCWPlatform::DSA directory C:/Users/Char/Documents/ECE_520/Fall_26/axi_gpio_caa/axi_gpio_vitis/axi_gpio_plat/hw
TRACE::2026-09-28.19:27:17::SCWPlatform:: Platform Path C:/Users/Char/Documents/ECE_520/Fall_26/axi_gpio_caa/axi_gpio_vitis/axi_gpio_plat/hw/axi_gpio_caa_wrapper.xsa
TRACE::2026-09-28.19:27:17::SCWPlatform:: Unique name xilinx:zybo-z7-10::0.0
TRACE::2026-09-28.19:27:17::SCWPlatform::Trying to set the existing hwdb with name axi_gpio_caa_wrapper_6
TRACE::2026-09-28.19:27:17::SCWPlatform::Opened existing hwdb axi_gpio_caa_wrapper_6
TRACE::2026-09-28.19:27:17::SCWPlatform::Found the Hw Db part of the input DSA
TRACE::2026-09-28.19:27:17::SCWReader::Boot application domain added for zynq_fsbl
TRACE::2026-09-28.19:27:17::SCWPlatform::Trying to open the hw design at C:/Users/Char/Documents/ECE_520/Fall_26/axi_gpio_caa/axi_gpio_vitis/axi_gpio_plat/hw/axi_gpio_caa_wrapper.xsa
TRACE::2026-09-28.19:27:17::SCWPlatform::DSA given C:/Users/Char/Documents/ECE_520/Fall_26/axi_gpio_caa/axi_gpio_vitis/axi_gpio_plat/hw/axi_gpio_caa_wrapper.xsa
TRACE::2026-09-28.19:27:17::SCWPlatform::DSA absoulate path C:/Users/Char/Documents/ECE_520/Fall_26/axi_gpio_caa/axi_gpio_vitis/axi_gpio_plat/hw/axi_gpio_caa_wrapper.xsa
TRACE::2026-09-28.19:27:17::SCWPlatform::DSA directory C:/Users/Char/Documents/ECE_520/Fall_26/axi_gpio_caa/axi_gpio_vitis/axi_gpio_plat/hw
TRACE::2026-09-28.19:27:17::SCWPlatform:: Platform Path C:/Users/Char/Documents/ECE_520/Fall_26/axi_gpio_caa/axi_gpio_vitis/axi_gpio_plat/hw/axi_gpio_caa_wrapper.xsa
TRACE::2026-09-28.19:27:17::SCWPlatform:: Unique name xilinx:zybo-z7-10::0.0
TRACE::2026-09-28.19:27:17::SCWPlatform::Trying to set the existing hwdb with name axi_gpio_caa_wrapper_6
TRACE::2026-09-28.19:27:17::SCWPlatform::Opened existing hwdb axi_gpio_caa_wrapper_6
TRACE::2026-09-28.19:27:17::SCWPlatform::Found the Hw Db part of the input DSA
TRACE::2026-09-28.19:27:17::SCWMssOS::Checking the sw design at  C:/Users/Char/Documents/ECE_520/Fall_26/axi_gpio_caa/axi_gpio_vitis/axi_gpio_plat/zynq_fsbl/zynq_fsbl_bsp/system.mss
TRACE::2026-09-28.19:27:17::SCWMssOS::DEBUG:  swdes dump  
TRACE::2026-09-28.19:27:17::SCWMssOS::No sw design opened at  C:/Users/Char/Documents/ECE_520/Fall_26/axi_gpio_caa/axi_gpio_vitis/axi_gpio_plat/zynq_fsbl/zynq_fsbl_bsp/system.mss
TRACE::2026-09-28.19:27:17::SCWMssOS::mss exists loading the mss file  C:/Users/Char/Documents/ECE_520/Fall_26/axi_gpio_caa/axi_gpio_vitis/axi_gpio_plat/zynq_fsbl/zynq_fsbl_bsp/system.mss
TRACE::2026-09-28.19:27:17::SCWMssOS::Opened the sw design from mss  C:/Users/Char/Documents/ECE_520/Fall_26/axi_gpio_caa/axi_gpio_vitis/axi_gpio_plat/zynq_fsbl/zynq_fsbl_bsp/system.mss
TRACE::2026-09-28.19:27:17::SCWMssOS::Adding the swdes entry C:/Users/Char/Documents/ECE_520/Fall_26/axi_gpio_caa/axi_gpio_vitis/axi_gpio_plat/zynq_fsbl/zynq_fsbl_bsp/system.mss with des name system
TRACE::2026-09-28.19:27:17::SCWMssOS::updating the scw layer about changes
TRACE::2026-09-28.19:27:18::SCWMssOS::Opened the sw design.  C:/Users/Char/Documents/ECE_520/Fall_26/axi_gpio_caa/axi_gpio_vitis/axi_gpio_plat/zynq_fsbl/zynq_fsbl_bsp/system.mss
TRACE::2026-09-28.19:27:18::SCWPlatform::Trying to open the hw design at C:/Users/Char/Documents/ECE_520/Fall_26/axi_gpio_caa/axi_gpio_vitis/axi_gpio_plat/hw/axi_gpio_caa_wrapper.xsa
TRACE::2026-09-28.19:27:18::SCWPlatform::DSA given C:/Users/Char/Documents/ECE_520/Fall_26/axi_gpio_caa/axi_gpio_vitis/axi_gpio_plat/hw/axi_gpio_caa_wrapper.xsa
TRACE::2026-09-28.19:27:18::SCWPlatform::DSA absoulate path C:/Users/Char/Documents/ECE_520/Fall_26/axi_gpio_caa/axi_gpio_vitis/axi_gpio_plat/hw/axi_gpio_caa_wrapper.xsa
TRACE::2026-09-28.19:27:18::SCWPlatform::DSA directory C:/Users/Char/Documents/ECE_520/Fall_26/axi_gpio_caa/axi_gpio_vitis/axi_gpio_plat/hw
TRACE::2026-09-28.19:27:18::SCWPlatform:: Platform Path C:/Users/Char/Documents/ECE_520/Fall_26/axi_gpio_caa/axi_gpio_vitis/axi_gpio_plat/hw/axi_gpio_caa_wrapper.xsa
TRACE::2026-09-28.19:27:18::SCWPlatform:: Unique name xilinx:zybo-z7-10::0.0
TRACE::2026-09-28.19:27:18::SCWPlatform::Trying to set the existing hwdb with name axi_gpio_caa_wrapper_6
TRACE::2026-09-28.19:27:18::SCWPlatform::Opened existing hwdb axi_gpio_caa_wrapper_6
TRACE::2026-09-28.19:27:18::SCWPlatform::Found the Hw Db part of the input DSA
TRACE::2026-09-28.19:27:18::SCWMssOS::Checking the sw design at  C:/Users/Char/Documents/ECE_520/Fall_26/axi_gpio_caa/axi_gpio_vitis/axi_gpio_plat/zynq_fsbl/zynq_fsbl_bsp/system.mss
TRACE::2026-09-28.19:27:18::SCWMssOS::DEBUG:  swdes dump  C:/Users/Char/Documents/ECE_520/Fall_26/axi_gpio_caa/axi_gpio_vitis/axi_gpio_plat/zynq_fsbl/zynq_fsbl_bsp/system.mss|system||

TRACE::2026-09-28.19:27:18::SCWMssOS::Sw design exists and opened at  C:/Users/Char/Documents/ECE_520/Fall_26/axi_gpio_caa/axi_gpio_vitis/axi_gpio_plat/zynq_fsbl/zynq_fsbl_bsp/system.mss
TRACE::2026-09-28.19:27:18::SCWMssOS:: library already available in sw design:  xilffs:5.0
TRACE::2026-09-28.19:27:18::SCWPlatform::Trying to open the hw design at C:/Users/Char/Documents/ECE_520/Fall_26/axi_gpio_caa/axi_gpio_vitis/axi_gpio_plat/hw/axi_gpio_caa_wrapper.xsa
TRACE::2026-09-28.19:27:18::SCWPlatform::DSA given C:/Users/Char/Documents/ECE_520/Fall_26/axi_gpio_caa/axi_gpio_vitis/axi_gpio_plat/hw/axi_gpio_caa_wrapper.xsa
TRACE::2026-09-28.19:27:18::SCWPlatform::DSA absoulate path C:/Users/Char/Documents/ECE_520/Fall_26/axi_gpio_caa/axi_gpio_vitis/axi_gpio_plat/hw/axi_gpio_caa_wrapper.xsa
TRACE::2026-09-28.19:27:18::SCWPlatform::DSA directory C:/Users/Char/Documents/ECE_520/Fall_26/axi_gpio_caa/axi_gpio_vitis/axi_gpio_plat/hw
TRACE::2026-09-28.19:27:18::SCWPlatform:: Platform Path C:/Users/Char/Documents/ECE_520/Fall_26/axi_gpio_caa/axi_gpio_vitis/axi_gpio_plat/hw/axi_gpio_caa_wrapper.xsa
TRACE::2026-09-28.19:27:18::SCWPlatform:: Unique name xilinx:zybo-z7-10::0.0
TRACE::2026-09-28.19:27:18::SCWPlatform::Trying to set the existing hwdb with name axi_gpio_caa_wrapper_6
TRACE::2026-09-28.19:27:18::SCWPlatform::Opened existing hwdb axi_gpio_caa_wrapper_6
TRACE::2026-09-28.19:27:18::SCWPlatform::Found the Hw Db part of the input DSA
TRACE::2026-09-28.19:27:18::SCWMssOS::Checking the sw design at  C:/Users/Char/Documents/ECE_520/Fall_26/axi_gpio_caa/axi_gpio_vitis/axi_gpio_plat/zynq_fsbl/zynq_fsbl_bsp/system.mss
TRACE::2026-09-28.19:27:18::SCWMssOS::DEBUG:  swdes dump  C:/Users/Char/Documents/ECE_520/Fall_26/axi_gpio_caa/axi_gpio_vitis/axi_gpio_plat/zynq_fsbl/zynq_fsbl_bsp/system.mss|system||

TRACE::2026-09-28.19:27:18::SCWMssOS::Sw design exists and opened at  C:/Users/Char/Documents/ECE_520/Fall_26/axi_gpio_caa/axi_gpio_vitis/axi_gpio_plat/zynq_fsbl/zynq_fsbl_bsp/system.mss
TRACE::2026-09-28.19:27:18::SCWMssOS:: library already available in sw design:  xilrsa:1.6
TRACE::2026-09-28.19:27:18::SCWMssOS::Saving the mss changes C:/Users/Char/Documents/ECE_520/Fall_26/axi_gpio_caa/axi_gpio_vitis/axi_gpio_plat/zynq_fsbl/zynq_fsbl_bsp/system.mss
TRACE::2026-09-28.19:27:18::SCWMssOS::Found a swdesign opened with the mssfile.
TRACE::2026-09-28.19:27:18::SCWMssOS::Completed writemss as part of save.
TRACE::2026-09-28.19:27:18::SCWMssOS::Commit changes completed.
TRACE::2026-09-28.19:27:18::SCWReader::Adding prebuilt librarypaths as   
TRACE::2026-09-28.19:27:18::SCWReader::Adding prebuilt incpaths  as   
TRACE::2026-09-28.19:27:18::SCWPlatform::Trying to open the hw design at C:/Users/Char/Documents/ECE_520/Fall_26/axi_gpio_caa/axi_gpio_vitis/axi_gpio_plat/hw/axi_gpio_caa_wrapper.xsa
TRACE::2026-09-28.19:27:18::SCWPlatform::DSA given C:/Users/Char/Documents/ECE_520/Fall_26/axi_gpio_caa/axi_gpio_vitis/axi_gpio_plat/hw/axi_gpio_caa_wrapper.xsa
TRACE::2026-09-28.19:27:18::SCWPlatform::DSA absoulate path C:/Users/Char/Documents/ECE_520/Fall_26/axi_gpio_caa/axi_gpio_vitis/axi_gpio_plat/hw/axi_gpio_caa_wrapper.xsa
TRACE::2026-09-28.19:27:18::SCWPlatform::DSA directory C:/Users/Char/Documents/ECE_520/Fall_26/axi_gpio_caa/axi_gpio_vitis/axi_gpio_plat/hw
TRACE::2026-09-28.19:27:18::SCWPlatform:: Platform Path C:/Users/Char/Documents/ECE_520/Fall_26/axi_gpio_caa/axi_gpio_vitis/axi_gpio_plat/hw/axi_gpio_caa_wrapper.xsa
TRACE::2026-09-28.19:27:18::SCWPlatform:: Unique name xilinx:zybo-z7-10::0.0
TRACE::2026-09-28.19:27:18::SCWPlatform::Trying to set the existing hwdb with name axi_gpio_caa_wrapper_6
TRACE::2026-09-28.19:27:18::SCWPlatform::Opened existing hwdb axi_gpio_caa_wrapper_6
TRACE::2026-09-28.19:27:18::SCWPlatform::Found the Hw Db part of the input DSA
TRACE::2026-09-28.19:27:18::SCWMssOS::Checking the sw design at  C:/Users/Char/Documents/ECE_520/Fall_26/axi_gpio_caa/axi_gpio_vitis/axi_gpio_plat/zynq_fsbl/zynq_fsbl_bsp/system.mss
TRACE::2026-09-28.19:27:18::SCWMssOS::DEBUG:  swdes dump  C:/Users/Char/Documents/ECE_520/Fall_26/axi_gpio_caa/axi_gpio_vitis/axi_gpio_plat/zynq_fsbl/zynq_fsbl_bsp/system.mss|system||

TRACE::2026-09-28.19:27:18::SCWMssOS::Sw design exists and opened at  C:/Users/Char/Documents/ECE_520/Fall_26/axi_gpio_caa/axi_gpio_vitis/axi_gpio_plat/zynq_fsbl/zynq_fsbl_bsp/system.mss
TRACE::2026-09-28.19:27:18::SCWReader::No isolation master present  
TRACE::2026-09-28.19:27:18::SCWDomain::checking for install qemu data   : 
TRACE::2026-09-28.19:27:18::SCWDomain:: Using the QEMU Data from install at  : C:/Xilinx/Vitis/2023.1/data/emulation/platforms/zynq/sw/a9_standalone/qemu/
TRACE::2026-09-28.19:27:18::SCWDomain:: Using the QEMU args  from install at  : C:/Xilinx/Vitis/2023.1/data/emulation/platforms/zynq/sw/a9_standalone/qemu/qemu_args.txt
TRACE::2026-09-28.19:27:18::SCWPlatform::Trying to open the hw design at C:/Users/Char/Documents/ECE_520/Fall_26/axi_gpio_caa/axi_gpio_vitis/axi_gpio_plat/hw/axi_gpio_caa_wrapper.xsa
TRACE::2026-09-28.19:27:18::SCWPlatform::DSA given C:/Users/Char/Documents/ECE_520/Fall_26/axi_gpio_caa/axi_gpio_vitis/axi_gpio_plat/hw/axi_gpio_caa_wrapper.xsa
TRACE::2026-09-28.19:27:18::SCWPlatform::DSA absoulate path C:/Users/Char/Documents/ECE_520/Fall_26/axi_gpio_caa/axi_gpio_vitis/axi_gpio_plat/hw/axi_gpio_caa_wrapper.xsa
TRACE::2026-09-28.19:27:18::SCWPlatform::DSA directory C:/Users/Char/Documents/ECE_520/Fall_26/axi_gpio_caa/axi_gpio_vitis/axi_gpio_plat/hw
TRACE::2026-09-28.19:27:18::SCWPlatform:: Platform Path C:/Users/Char/Documents/ECE_520/Fall_26/axi_gpio_caa/axi_gpio_vitis/axi_gpio_plat/hw/axi_gpio_caa_wrapper.xsa
TRACE::2026-09-28.19:27:18::SCWPlatform:: Unique name xilinx:zybo-z7-10::0.0
TRACE::2026-09-28.19:27:18::SCWPlatform::Trying to set the existing hwdb with name axi_gpio_caa_wrapper_6
TRACE::2026-09-28.19:27:18::SCWPlatform::Opened existing hwdb axi_gpio_caa_wrapper_6
TRACE::2026-09-28.19:27:18::SCWPlatform::Found the Hw Db part of the input DSA
TRACE::2026-09-28.19:27:18::SCWPlatform::Trying to open the hw design at C:/Users/Char/Documents/ECE_520/Fall_26/axi_gpio_caa/axi_gpio_vitis/axi_gpio_plat/hw/axi_gpio_caa_wrapper.xsa
TRACE::2026-09-28.19:27:18::SCWPlatform::DSA given C:/Users/Char/Documents/ECE_520/Fall_26/axi_gpio_caa/axi_gpio_vitis/axi_gpio_plat/hw/axi_gpio_caa_wrapper.xsa
TRACE::2026-09-28.19:27:18::SCWPlatform::DSA absoulate path C:/Users/Char/Documents/ECE_520/Fall_26/axi_gpio_caa/axi_gpio_vitis/axi_gpio_plat/hw/axi_gpio_caa_wrapper.xsa
TRACE::2026-09-28.19:27:18::SCWPlatform::DSA directory C:/Users/Char/Documents/ECE_520/Fall_26/axi_gpio_caa/axi_gpio_vitis/axi_gpio_plat/hw
TRACE::2026-09-28.19:27:18::SCWPlatform:: Platform Path C:/Users/Char/Documents/ECE_520/Fall_26/axi_gpio_caa/axi_gpio_vitis/axi_gpio_plat/hw/axi_gpio_caa_wrapper.xsa
TRACE::2026-09-28.19:27:18::SCWPlatform:: Unique name xilinx:zybo-z7-10::0.0
TRACE::2026-09-28.19:27:18::SCWPlatform::Trying to set the existing hwdb with name axi_gpio_caa_wrapper_6
TRACE::2026-09-28.19:27:18::SCWPlatform::Opened existing hwdb axi_gpio_caa_wrapper_6
TRACE::2026-09-28.19:27:18::SCWPlatform::Found the Hw Db part of the input DSA
TRACE::2026-09-28.19:27:18::SCWPlatform::Trying to open the hw design at C:/Users/Char/Documents/ECE_520/Fall_26/axi_gpio_caa/axi_gpio_vitis/axi_gpio_plat/hw/axi_gpio_caa_wrapper.xsa
TRACE::2026-09-28.19:27:18::SCWPlatform::DSA given C:/Users/Char/Documents/ECE_520/Fall_26/axi_gpio_caa/axi_gpio_vitis/axi_gpio_plat/hw/axi_gpio_caa_wrapper.xsa
TRACE::2026-09-28.19:27:18::SCWPlatform::DSA absoulate path C:/Users/Char/Documents/ECE_520/Fall_26/axi_gpio_caa/axi_gpio_vitis/axi_gpio_plat/hw/axi_gpio_caa_wrapper.xsa
TRACE::2026-09-28.19:27:18::SCWPlatform::DSA directory C:/Users/Char/Documents/ECE_520/Fall_26/axi_gpio_caa/axi_gpio_vitis/axi_gpio_plat/hw
TRACE::2026-09-28.19:27:18::SCWPlatform:: Platform Path C:/Users/Char/Documents/ECE_520/Fall_26/axi_gpio_caa/axi_gpio_vitis/axi_gpio_plat/hw/axi_gpio_caa_wrapper.xsa
TRACE::2026-09-28.19:27:18::SCWPlatform:: Unique name xilinx:zybo-z7-10::0.0
TRACE::2026-09-28.19:27:18::SCWPlatform::Trying to set the existing hwdb with name axi_gpio_caa_wrapper_6
TRACE::2026-09-28.19:27:18::SCWPlatform::Opened existing hwdb axi_gpio_caa_wrapper_6
TRACE::2026-09-28.19:27:18::SCWPlatform::Found the Hw Db part of the input DSA
TRACE::2026-09-28.19:27:18::SCWMssOS::Checking the sw design at  C:/Users/Char/Documents/ECE_520/Fall_26/axi_gpio_caa/axi_gpio_vitis/axi_gpio_plat/ps7_cortexa9_0/standalone_domain/bsp/system.mss
TRACE::2026-09-28.19:27:18::SCWMssOS::DEBUG:  swdes dump  C:/Users/Char/Documents/ECE_520/Fall_26/axi_gpio_caa/axi_gpio_vitis/axi_gpio_plat/zynq_fsbl/zynq_fsbl_bsp/system.mss|system||

TRACE::2026-09-28.19:27:18::SCWMssOS::No sw design opened at  C:/Users/Char/Documents/ECE_520/Fall_26/axi_gpio_caa/axi_gpio_vitis/axi_gpio_plat/ps7_cortexa9_0/standalone_domain/bsp/system.mss
TRACE::2026-09-28.19:27:18::SCWMssOS::mss exists loading the mss file  C:/Users/Char/Documents/ECE_520/Fall_26/axi_gpio_caa/axi_gpio_vitis/axi_gpio_plat/ps7_cortexa9_0/standalone_domain/bsp/system.mss
TRACE::2026-09-28.19:27:18::SCWMssOS::Opened the sw design from mss  C:/Users/Char/Documents/ECE_520/Fall_26/axi_gpio_caa/axi_gpio_vitis/axi_gpio_plat/ps7_cortexa9_0/standalone_domain/bsp/system.mss
TRACE::2026-09-28.19:27:18::SCWMssOS::Adding the swdes entry C:/Users/Char/Documents/ECE_520/Fall_26/axi_gpio_caa/axi_gpio_vitis/axi_gpio_plat/ps7_cortexa9_0/standalone_domain/bsp/system.mss with des name system_0
TRACE::2026-09-28.19:27:18::SCWMssOS::updating the scw layer about changes
TRACE::2026-09-28.19:27:18::SCWMssOS::Opened the sw design.  C:/Users/Char/Documents/ECE_520/Fall_26/axi_gpio_caa/axi_gpio_vitis/axi_gpio_plat/ps7_cortexa9_0/standalone_domain/bsp/system.mss
TRACE::2026-09-28.19:27:18::SCWMssOS::Saving the mss changes C:/Users/Char/Documents/ECE_520/Fall_26/axi_gpio_caa/axi_gpio_vitis/axi_gpio_plat/ps7_cortexa9_0/standalone_domain/bsp/system.mss
TRACE::2026-09-28.19:27:18::SCWMssOS::Found a swdesign opened with the mssfile.
TRACE::2026-09-28.19:27:18::SCWMssOS::Completed writemss as part of save.
TRACE::2026-09-28.19:27:18::SCWMssOS::Commit changes completed.
TRACE::2026-09-28.19:27:18::SCWReader::Adding prebuilt librarypaths as   
TRACE::2026-09-28.19:27:18::SCWReader::Adding prebuilt incpaths  as   
TRACE::2026-09-28.19:27:18::SCWPlatform::Trying to open the hw design at C:/Users/Char/Documents/ECE_520/Fall_26/axi_gpio_caa/axi_gpio_vitis/axi_gpio_plat/hw/axi_gpio_caa_wrapper.xsa
TRACE::2026-09-28.19:27:18::SCWPlatform::DSA given C:/Users/Char/Documents/ECE_520/Fall_26/axi_gpio_caa/axi_gpio_vitis/axi_gpio_plat/hw/axi_gpio_caa_wrapper.xsa
TRACE::2026-09-28.19:27:18::SCWPlatform::DSA absoulate path C:/Users/Char/Documents/ECE_520/Fall_26/axi_gpio_caa/axi_gpio_vitis/axi_gpio_plat/hw/axi_gpio_caa_wrapper.xsa
TRACE::2026-09-28.19:27:18::SCWPlatform::DSA directory C:/Users/Char/Documents/ECE_520/Fall_26/axi_gpio_caa/axi_gpio_vitis/axi_gpio_plat/hw
TRACE::2026-09-28.19:27:18::SCWPlatform:: Platform Path C:/Users/Char/Documents/ECE_520/Fall_26/axi_gpio_caa/axi_gpio_vitis/axi_gpio_plat/hw/axi_gpio_caa_wrapper.xsa
TRACE::2026-09-28.19:27:18::SCWPlatform:: Unique name xilinx:zybo-z7-10::0.0
TRACE::2026-09-28.19:27:18::SCWPlatform::Trying to set the existing hwdb with name axi_gpio_caa_wrapper_6
TRACE::2026-09-28.19:27:18::SCWPlatform::Opened existing hwdb axi_gpio_caa_wrapper_6
TRACE::2026-09-28.19:27:18::SCWPlatform::Found the Hw Db part of the input DSA
TRACE::2026-09-28.19:27:18::SCWMssOS::Checking the sw design at  C:/Users/Char/Documents/ECE_520/Fall_26/axi_gpio_caa/axi_gpio_vitis/axi_gpio_plat/ps7_cortexa9_0/standalone_domain/bsp/system.mss
TRACE::2026-09-28.19:27:18::SCWMssOS::DEBUG:  swdes dump  C:/Users/Char/Documents/ECE_520/Fall_26/axi_gpio_caa/axi_gpio_vitis/axi_gpio_plat/ps7_cortexa9_0/standalone_domain/bsp/system.mss|system_0||
C:/Users/Char/Documents/ECE_520/Fall_26/axi_gpio_caa/axi_gpio_vitis/axi_gpio_plat/zynq_fsbl/zynq_fsbl_bsp/system.mss|system||

TRACE::2026-09-28.19:27:18::SCWMssOS::Sw design exists and opened at  C:/Users/Char/Documents/ECE_520/Fall_26/axi_gpio_caa/axi_gpio_vitis/axi_gpio_plat/ps7_cortexa9_0/standalone_domain/bsp/system.mss
TRACE::2026-09-28.19:27:18::SCWReader::No isolation master present  
LOG::2026-09-28.19:27:25::SCWPlatform::Started generating the artifacts platform axi_gpio_plat
TRACE::2026-09-28.19:27:25::SCWPlatform::Sanity checking of platform is completed
LOG::2026-09-28.19:27:25::SCWPlatform::Started generating the artifacts for system configuration axi_gpio_plat
LOG::2026-09-28.19:27:25::SCWSystem::Checking the domain zynq_fsbl
LOG::2026-09-28.19:27:25::SCWSystem::Doing application build for :  zynq_fsbl
TRACE::2026-09-28.19:27:25::SCWBDomain::Not a forced makefile updation, No changes are present. 
TRACE::2026-09-28.19:27:25::SCWDomain::Building the domain as part of full build :  zynq_fsbl
TRACE::2026-09-28.19:27:25::SCWPlatform::Trying to open the hw design at C:/Users/Char/Documents/ECE_520/Fall_26/axi_gpio_caa/axi_gpio_vitis/axi_gpio_plat/hw/axi_gpio_caa_wrapper.xsa
TRACE::2026-09-28.19:27:25::SCWPlatform::DSA given C:/Users/Char/Documents/ECE_520/Fall_26/axi_gpio_caa/axi_gpio_vitis/axi_gpio_plat/hw/axi_gpio_caa_wrapper.xsa
TRACE::2026-09-28.19:27:25::SCWPlatform::DSA absoulate path C:/Users/Char/Documents/ECE_520/Fall_26/axi_gpio_caa/axi_gpio_vitis/axi_gpio_plat/hw/axi_gpio_caa_wrapper.xsa
TRACE::2026-09-28.19:27:25::SCWPlatform::DSA directory C:/Users/Char/Documents/ECE_520/Fall_26/axi_gpio_caa/axi_gpio_vitis/axi_gpio_plat/hw
TRACE::2026-09-28.19:27:25::SCWPlatform:: Platform Path C:/Users/Char/Documents/ECE_520/Fall_26/axi_gpio_caa/axi_gpio_vitis/axi_gpio_plat/hw/axi_gpio_caa_wrapper.xsa
TRACE::2026-09-28.19:27:25::SCWPlatform:: Unique name xilinx:zybo-z7-10::0.0
TRACE::2026-09-28.19:27:25::SCWPlatform::Trying to set the existing hwdb with name axi_gpio_caa_wrapper_6
TRACE::2026-09-28.19:27:25::SCWPlatform::Opened existing hwdb axi_gpio_caa_wrapper_6
TRACE::2026-09-28.19:27:25::SCWPlatform::Found the Hw Db part of the input DSA
TRACE::2026-09-28.19:27:25::SCWMssOS::Checking the sw design at  C:/Users/Char/Documents/ECE_520/Fall_26/axi_gpio_caa/axi_gpio_vitis/axi_gpio_plat/zynq_fsbl/zynq_fsbl_bsp/system.mss
TRACE::2026-09-28.19:27:25::SCWMssOS::DEBUG:  swdes dump  C:/Users/Char/Documents/ECE_520/Fall_26/axi_gpio_caa/axi_gpio_vitis/axi_gpio_plat/ps7_cortexa9_0/standalone_domain/bsp/system.mss|system_0||
C:/Users/Char/Documents/ECE_520/Fall_26/axi_gpio_caa/axi_gpio_vitis/axi_gpio_plat/zynq_fsbl/zynq_fsbl_bsp/system.mss|system||

TRACE::2026-09-28.19:27:25::SCWMssOS::Sw design exists and opened at  C:/Users/Char/Documents/ECE_520/Fall_26/axi_gpio_caa/axi_gpio_vitis/axi_gpio_plat/zynq_fsbl/zynq_fsbl_bsp/system.mss
TRACE::2026-09-28.19:27:25::SCWBDomain::Completed writing the mss file at C:/Users/Char/Documents/ECE_520/Fall_26/axi_gpio_caa/axi_gpio_vitis/axi_gpio_plat/zynq_fsbl/zynq_fsbl_bsp
TRACE::2026-09-28.19:27:25::SCWBDomain::bsp generated is upto date with the mss file. Skipping bsp generation.
TRACE::2026-09-28.19:27:25::SCWBDomain::Not a forced makefile updation, No changes are present. 
TRACE::2026-09-28.19:27:25::SCWBDomain::System Command Ran  C:&  cd  C:/Users/Char/Documents/ECE_520/Fall_26/axi_gpio_caa/axi_gpio_vitis/axi_gpio_plat/zynq_fsbl& make -C  zynq_fsbl_bsp & make 
TRACE::2026-09-28.19:27:25::SCWBDomain::make: Entering directory 'C:/Users/Char/Documents/ECE_520/Fall_26/axi_gpio_caa/axi_gpio_vitis/axi_gpio_plat/zynq_fsbl/zynq_fsbl
TRACE::2026-09-28.19:27:25::SCWBDomain::_bsp'

TRACE::2026-09-28.19:27:25::SCWBDomain::make --no-print-directory seq_libs

TRACE::2026-09-28.19:27:25::SCWBDomain::"Running Make include in ps7_cortexa9_0/libsrc/coresightps_dcc_v1_8/src"

TRACE::2026-09-28.19:27:25::SCWBDomain::make -C ps7_cortexa9_0/libsrc/coresightps_dcc_v1_8/src -s include  "SHELL=CMD" "COMPILER=arm-none-eabi-gcc" "ASSEMBLER=arm-none
TRACE::2026-09-28.19:27:25::SCWBDomain::-eabi-as" "ARCHIVER=arm-none-eabi-ar" "COMPILER_FLAGS=  -O2 -c" "EXTRA_COMPILER_FLAGS=-mcpu=cortex-a9 -mfpu=vfpv3 -mfloat-abi=h
TRACE::2026-09-28.19:27:25::SCWBDomain::ard -nostartfiles -g -Wall -Wextra -fno-tree-loop-distribute-patterns"

TRACE::2026-09-28.19:27:25::SCWBDomain::"Running Make include in ps7_cortexa9_0/libsrc/cpu_cortexa9_v2_11/src"

TRACE::2026-09-28.19:27:25::SCWBDomain::make -C ps7_cortexa9_0/libsrc/cpu_cortexa9_v2_11/src -s include  "SHELL=CMD" "COMPILER=arm-none-eabi-gcc" "ASSEMBLER=arm-none-e
TRACE::2026-09-28.19:27:25::SCWBDomain::abi-as" "ARCHIVER=arm-none-eabi-ar" "COMPILER_FLAGS=  -O2 -c" "EXTRA_COMPILER_FLAGS=-mcpu=cortex-a9 -mfpu=vfpv3 -mfloat-abi=har
TRACE::2026-09-28.19:27:25::SCWBDomain::d -nostartfiles -g -Wall -Wextra -fno-tree-loop-distribute-patterns"

TRACE::2026-09-28.19:27:25::SCWBDomain::"Running Make include in ps7_cortexa9_0/libsrc/ddrps_v1_2/src"

TRACE::2026-09-28.19:27:25::SCWBDomain::make -C ps7_cortexa9_0/libsrc/ddrps_v1_2/src -s include  "SHELL=CMD" "COMPILER=arm-none-eabi-gcc" "ASSEMBLER=arm-none-eabi-as" 
TRACE::2026-09-28.19:27:25::SCWBDomain::"ARCHIVER=arm-none-eabi-ar" "COMPILER_FLAGS=  -O2 -c" "EXTRA_COMPILER_FLAGS=-mcpu=cortex-a9 -mfpu=vfpv3 -mfloat-abi=hard -nosta
TRACE::2026-09-28.19:27:25::SCWBDomain::rtfiles -g -Wall -Wextra -fno-tree-loop-distribute-patterns"

TRACE::2026-09-28.19:27:26::SCWBDomain::"Running Make include in ps7_cortexa9_0/libsrc/devcfg_v3_7/src"

TRACE::2026-09-28.19:27:26::SCWBDomain::make -C ps7_cortexa9_0/libsrc/devcfg_v3_7/src -s include  "SHELL=CMD" "COMPILER=arm-none-eabi-gcc" "ASSEMBLER=arm-none-eabi-as"
TRACE::2026-09-28.19:27:26::SCWBDomain:: "ARCHIVER=arm-none-eabi-ar" "COMPILER_FLAGS=  -O2 -c" "EXTRA_COMPILER_FLAGS=-mcpu=cortex-a9 -mfpu=vfpv3 -mfloat-abi=hard -nost
TRACE::2026-09-28.19:27:26::SCWBDomain::artfiles -g -Wall -Wextra -fno-tree-loop-distribute-patterns"

TRACE::2026-09-28.19:27:26::SCWBDomain::"Running Make include in ps7_cortexa9_0/libsrc/dmaps_v2_8/src"

TRACE::2026-09-28.19:27:26::SCWBDomain::make -C ps7_cortexa9_0/libsrc/dmaps_v2_8/src -s include  "SHELL=CMD" "COMPILER=arm-none-eabi-gcc" "ASSEMBLER=arm-none-eabi-as" 
TRACE::2026-09-28.19:27:26::SCWBDomain::"ARCHIVER=arm-none-eabi-ar" "COMPILER_FLAGS=  -O2 -c" "EXTRA_COMPILER_FLAGS=-mcpu=cortex-a9 -mfpu=vfpv3 -mfloat-abi=hard -nosta
TRACE::2026-09-28.19:27:26::SCWBDomain::rtfiles -g -Wall -Wextra -fno-tree-loop-distribute-patterns"

TRACE::2026-09-28.19:27:26::SCWBDomain::"Running Make include in ps7_cortexa9_0/libsrc/emacps_v3_18/src"

TRACE::2026-09-28.19:27:26::SCWBDomain::make -C ps7_cortexa9_0/libsrc/emacps_v3_18/src -s include  "SHELL=CMD" "COMPILER=arm-none-eabi-gcc" "ASSEMBLER=arm-none-eabi-as
TRACE::2026-09-28.19:27:26::SCWBDomain::" "ARCHIVER=arm-none-eabi-ar" "COMPILER_FLAGS=  -O2 -c" "EXTRA_COMPILER_FLAGS=-mcpu=cortex-a9 -mfpu=vfpv3 -mfloat-abi=hard -nos
TRACE::2026-09-28.19:27:26::SCWBDomain::tartfiles -g -Wall -Wextra -fno-tree-loop-distribute-patterns"

TRACE::2026-09-28.19:27:26::SCWBDomain::"Running Make include in ps7_cortexa9_0/libsrc/gpiops_v3_11/src"

TRACE::2026-09-28.19:27:26::SCWBDomain::make -C ps7_cortexa9_0/libsrc/gpiops_v3_11/src -s include  "SHELL=CMD" "COMPILER=arm-none-eabi-gcc" "ASSEMBLER=arm-none-eabi-as
TRACE::2026-09-28.19:27:26::SCWBDomain::" "ARCHIVER=arm-none-eabi-ar" "COMPILER_FLAGS=  -O2 -c" "EXTRA_COMPILER_FLAGS=-mcpu=cortex-a9 -mfpu=vfpv3 -mfloat-abi=hard -nos
TRACE::2026-09-28.19:27:26::SCWBDomain::tartfiles -g -Wall -Wextra -fno-tree-loop-distribute-patterns"

TRACE::2026-09-28.19:27:26::SCWBDomain::"Running Make include in ps7_cortexa9_0/libsrc/gpio_v4_9/src"

TRACE::2026-09-28.19:27:26::SCWBDomain::make -C ps7_cortexa9_0/libsrc/gpio_v4_9/src -s include  "SHELL=CMD" "COMPILER=arm-none-eabi-gcc" "ASSEMBLER=arm-none-eabi-as" "
TRACE::2026-09-28.19:27:26::SCWBDomain::ARCHIVER=arm-none-eabi-ar" "COMPILER_FLAGS=  -O2 -c" "EXTRA_COMPILER_FLAGS=-mcpu=cortex-a9 -mfpu=vfpv3 -mfloat-abi=hard -nostar
TRACE::2026-09-28.19:27:26::SCWBDomain::tfiles -g -Wall -Wextra -fno-tree-loop-distribute-patterns"

TRACE::2026-09-28.19:27:26::SCWBDomain::"Running Make include in ps7_cortexa9_0/libsrc/qspips_v3_10/src"

TRACE::2026-09-28.19:27:26::SCWBDomain::make -C ps7_cortexa9_0/libsrc/qspips_v3_10/src -s include  "SHELL=CMD" "COMPILER=arm-none-eabi-gcc" "ASSEMBLER=arm-none-eabi-as
TRACE::2026-09-28.19:27:26::SCWBDomain::" "ARCHIVER=arm-none-eabi-ar" "COMPILER_FLAGS=  -O2 -c" "EXTRA_COMPILER_FLAGS=-mcpu=cortex-a9 -mfpu=vfpv3 -mfloat-abi=hard -nos
TRACE::2026-09-28.19:27:26::SCWBDomain::tartfiles -g -Wall -Wextra -fno-tree-loop-distribute-patterns"

TRACE::2026-09-28.19:27:26::SCWBDomain::"Running Make include in ps7_cortexa9_0/libsrc/scugic_v5_1/src"

TRACE::2026-09-28.19:27:26::SCWBDomain::make -C ps7_cortexa9_0/libsrc/scugic_v5_1/src -s include  "SHELL=CMD" "COMPILER=arm-none-eabi-gcc" "ASSEMBLER=arm-none-eabi-as"
TRACE::2026-09-28.19:27:26::SCWBDomain:: "ARCHIVER=arm-none-eabi-ar" "COMPILER_FLAGS=  -O2 -c" "EXTRA_COMPILER_FLAGS=-mcpu=cortex-a9 -mfpu=vfpv3 -mfloat-abi=hard -nost
TRACE::2026-09-28.19:27:26::SCWBDomain::artfiles -g -Wall -Wextra -fno-tree-loop-distribute-patterns"

TRACE::2026-09-28.19:27:26::SCWBDomain::"Running Make include in ps7_cortexa9_0/libsrc/scutimer_v2_4/src"

TRACE::2026-09-28.19:27:26::SCWBDomain::make -C ps7_cortexa9_0/libsrc/scutimer_v2_4/src -s include  "SHELL=CMD" "COMPILER=arm-none-eabi-gcc" "ASSEMBLER=arm-none-eabi-a
TRACE::2026-09-28.19:27:26::SCWBDomain::s" "ARCHIVER=arm-none-eabi-ar" "COMPILER_FLAGS=  -O2 -c" "EXTRA_COMPILER_FLAGS=-mcpu=cortex-a9 -mfpu=vfpv3 -mfloat-abi=hard -no
TRACE::2026-09-28.19:27:26::SCWBDomain::startfiles -g -Wall -Wextra -fno-tree-loop-distribute-patterns"

TRACE::2026-09-28.19:27:26::SCWBDomain::"Running Make include in ps7_cortexa9_0/libsrc/scuwdt_v2_4/src"

TRACE::2026-09-28.19:27:26::SCWBDomain::make -C ps7_cortexa9_0/libsrc/scuwdt_v2_4/src -s include  "SHELL=CMD" "COMPILER=arm-none-eabi-gcc" "ASSEMBLER=arm-none-eabi-as"
TRACE::2026-09-28.19:27:26::SCWBDomain:: "ARCHIVER=arm-none-eabi-ar" "COMPILER_FLAGS=  -O2 -c" "EXTRA_COMPILER_FLAGS=-mcpu=cortex-a9 -mfpu=vfpv3 -mfloat-abi=hard -nost
TRACE::2026-09-28.19:27:26::SCWBDomain::artfiles -g -Wall -Wextra -fno-tree-loop-distribute-patterns"

TRACE::2026-09-28.19:27:26::SCWBDomain::"Running Make include in ps7_cortexa9_0/libsrc/sdps_v4_1/src"

TRACE::2026-09-28.19:27:26::SCWBDomain::make -C ps7_cortexa9_0/libsrc/sdps_v4_1/src -s include  "SHELL=CMD" "COMPILER=arm-none-eabi-gcc" "ASSEMBLER=arm-none-eabi-as" "
TRACE::2026-09-28.19:27:26::SCWBDomain::ARCHIVER=arm-none-eabi-ar" "COMPILER_FLAGS=  -O2 -c" "EXTRA_COMPILER_FLAGS=-mcpu=cortex-a9 -mfpu=vfpv3 -mfloat-abi=hard -nostar
TRACE::2026-09-28.19:27:26::SCWBDomain::tfiles -g -Wall -Wextra -fno-tree-loop-distribute-patterns"

TRACE::2026-09-28.19:27:26::SCWBDomain::"Running Make include in ps7_cortexa9_0/libsrc/standalone_v8_1/src"

TRACE::2026-09-28.19:27:26::SCWBDomain::make -C ps7_cortexa9_0/libsrc/standalone_v8_1/src -s include  "SHELL=CMD" "COMPILER=arm-none-eabi-gcc" "ASSEMBLER=arm-none-eabi
TRACE::2026-09-28.19:27:26::SCWBDomain::-as" "ARCHIVER=arm-none-eabi-ar" "COMPILER_FLAGS=  -O2 -c" "EXTRA_COMPILER_FLAGS=-mcpu=cortex-a9 -mfpu=vfpv3 -mfloat-abi=hard -
TRACE::2026-09-28.19:27:26::SCWBDomain::nostartfiles -g -Wall -Wextra -fno-tree-loop-distribute-patterns"

TRACE::2026-09-28.19:27:27::SCWBDomain::"Running Make include in ps7_cortexa9_0/libsrc/uartps_v3_12/src"

TRACE::2026-09-28.19:27:27::SCWBDomain::make -C ps7_cortexa9_0/libsrc/uartps_v3_12/src -s include  "SHELL=CMD" "COMPILER=arm-none-eabi-gcc" "ASSEMBLER=arm-none-eabi-as
TRACE::2026-09-28.19:27:27::SCWBDomain::" "ARCHIVER=arm-none-eabi-ar" "COMPILER_FLAGS=  -O2 -c" "EXTRA_COMPILER_FLAGS=-mcpu=cortex-a9 -mfpu=vfpv3 -mfloat-abi=hard -nos
TRACE::2026-09-28.19:27:27::SCWBDomain::tartfiles -g -Wall -Wextra -fno-tree-loop-distribute-patterns"

TRACE::2026-09-28.19:27:27::SCWBDomain::"Running Make include in ps7_cortexa9_0/libsrc/usbps_v2_7/src"

TRACE::2026-09-28.19:27:27::SCWBDomain::make -C ps7_cortexa9_0/libsrc/usbps_v2_7/src -s include  "SHELL=CMD" "COMPILER=arm-none-eabi-gcc" "ASSEMBLER=arm-none-eabi-as" 
TRACE::2026-09-28.19:27:27::SCWBDomain::"ARCHIVER=arm-none-eabi-ar" "COMPILER_FLAGS=  -O2 -c" "EXTRA_COMPILER_FLAGS=-mcpu=cortex-a9 -mfpu=vfpv3 -mfloat-abi=hard -nosta
TRACE::2026-09-28.19:27:27::SCWBDomain::rtfiles -g -Wall -Wextra -fno-tree-loop-distribute-patterns"

TRACE::2026-09-28.19:27:27::SCWBDomain::"Running Make include in ps7_cortexa9_0/libsrc/xadcps_v2_6/src"

TRACE::2026-09-28.19:27:27::SCWBDomain::make -C ps7_cortexa9_0/libsrc/xadcps_v2_6/src -s include  "SHELL=CMD" "COMPILER=arm-none-eabi-gcc" "ASSEMBLER=arm-none-eabi-as"
TRACE::2026-09-28.19:27:27::SCWBDomain:: "ARCHIVER=arm-none-eabi-ar" "COMPILER_FLAGS=  -O2 -c" "EXTRA_COMPILER_FLAGS=-mcpu=cortex-a9 -mfpu=vfpv3 -mfloat-abi=hard -nost
TRACE::2026-09-28.19:27:27::SCWBDomain::artfiles -g -Wall -Wextra -fno-tree-loop-distribute-patterns"

TRACE::2026-09-28.19:27:28::SCWBDomain::"Running Make include in ps7_cortexa9_0/libsrc/xilffs_v5_0/src"

TRACE::2026-09-28.19:27:28::SCWBDomain::make -C ps7_cortexa9_0/libsrc/xilffs_v5_0/src -s include  "SHELL=CMD" "COMPILER=arm-none-eabi-gcc" "ASSEMBLER=arm-none-eabi-as"
TRACE::2026-09-28.19:27:28::SCWBDomain:: "ARCHIVER=arm-none-eabi-ar" "COMPILER_FLAGS=  -O2 -c" "EXTRA_COMPILER_FLAGS=-mcpu=cortex-a9 -mfpu=vfpv3 -mfloat-abi=hard -nost
TRACE::2026-09-28.19:27:28::SCWBDomain::artfiles -g -Wall -Wextra -fno-tree-loop-distribute-patterns"

TRACE::2026-09-28.19:27:28::SCWBDomain::"Running Make include in ps7_cortexa9_0/libsrc/xilrsa_v1_6/src"

TRACE::2026-09-28.19:27:28::SCWBDomain::make -C ps7_cortexa9_0/libsrc/xilrsa_v1_6/src -s include  "SHELL=CMD" "COMPILER=arm-none-eabi-gcc" "ASSEMBLER=arm-none-eabi-as"
TRACE::2026-09-28.19:27:28::SCWBDomain:: "ARCHIVER=arm-none-eabi-ar" "COMPILER_FLAGS=  -O2 -c" "EXTRA_COMPILER_FLAGS=-mcpu=cortex-a9 -mfpu=vfpv3 -mfloat-abi=hard -nost
TRACE::2026-09-28.19:27:28::SCWBDomain::artfiles -g -Wall -Wextra -fno-tree-loop-distribute-patterns"

TRACE::2026-09-28.19:27:28::SCWBDomain::"Running Make libs in ps7_cortexa9_0/libsrc/xilrsa_v1_6/src"

TRACE::2026-09-28.19:27:28::SCWBDomain::make -C ps7_cortexa9_0/libsrc/xilrsa_v1_6/src -s libs  "SHELL=CMD" "COMPILER=arm-none-eabi-gcc" "ASSEMBLER=arm-none-eabi-as" "A
TRACE::2026-09-28.19:27:28::SCWBDomain::RCHIVER=arm-none-eabi-ar" "COMPILER_FLAGS=  -O2 -c" "EXTRA_COMPILER_FLAGS=-mcpu=cortex-a9 -mfpu=vfpv3 -mfloat-abi=hard -nostart
TRACE::2026-09-28.19:27:28::SCWBDomain::files -g -Wall -Wextra -fno-tree-loop-distribute-patterns"

TRACE::2026-09-28.19:27:28::SCWBDomain::'Finished building libraries sequentially.'

TRACE::2026-09-28.19:27:28::SCWBDomain::make -j 14 --no-print-directory par_libs

TRACE::2026-09-28.19:27:28::SCWBDomain::"Running Make include in ps7_cortexa9_0/libsrc/coresightps_dcc_v1_8/src"

TRACE::2026-09-28.19:27:28::SCWBDomain::make -C ps7_cortexa9_0/libsrc/coresightps_dcc_v1_8/src -s include  "SHELL=CMD" "COMPILER=arm-none-eabi-gcc" "ASSEMBLER=arm-none
TRACE::2026-09-28.19:27:28::SCWBDomain::-eabi-as" "ARCHIVER=arm-none-eabi-ar" "COMPILER_FLAGS=  -O2 -c" "EXTRA_COMPILER_FLAGS=-mcpu=cortex-a9 -mfpu=vfpv3 -mfloat-abi=h
TRACE::2026-09-28.19:27:28::SCWBDomain::ard -nostartfiles -g -Wall -Wextra -fno-tree-loop-distribute-patterns"

TRACE::2026-09-28.19:27:28::SCWBDomain::"Running Make include in ps7_cortexa9_0/libsrc/cpu_cortexa9_v2_11/src"

TRACE::2026-09-28.19:27:28::SCWBDomain::"Running Make include in ps7_cortexa9_0/libsrc/ddrps_v1_2/src"

TRACE::2026-09-28.19:27:28::SCWBDomain::make -C ps7_cortexa9_0/libsrc/cpu_cortexa9_v2_11/src -s include  "SHELL=CMD" "COMPILER=arm-none-eabi-gcc" "ASSEMBLER=arm-none-e
TRACE::2026-09-28.19:27:28::SCWBDomain::abi-as" "ARCHIVER=arm-none-eabi-ar" "COMPILER_FLAGS=  -O2 -c" "EXTRA_COMPILER_FLAGS=-mcpu=cortex-a9 -mfpu=vfpv3 -mfloat-abi=har
TRACE::2026-09-28.19:27:28::SCWBDomain::d -nostartfiles -g -Wall -Wextra -fno-tree-loop-distribute-patterns"

TRACE::2026-09-28.19:27:28::SCWBDomain::make -C ps7_cortexa9_0/libsrc/ddrps_v1_2/src -s include  "SHELL=CMD" "COMPILER=arm-none-eabi-gcc" "ASSEMBLER=arm-none-eabi-as" 
TRACE::2026-09-28.19:27:28::SCWBDomain::"ARCHIVER=arm-none-eabi-ar" "COMPILER_FLAGS=  -O2 -c" "EXTRA_COMPILER_FLAGS=-mcpu=cortex-a9 -mfpu=vfpv3 -mfloat-abi=hard -nosta
TRACE::2026-09-28.19:27:28::SCWBDomain::rtfiles -g -Wall -Wextra -fno-tree-loop-distribute-patterns"

TRACE::2026-09-28.19:27:28::SCWBDomain::"Running Make include in ps7_cortexa9_0/libsrc/devcfg_v3_7/src"

TRACE::2026-09-28.19:27:28::SCWBDomain::make -C ps7_cortexa9_0/libsrc/devcfg_v3_7/src -s include  "SHELL=CMD" "COMPILER=arm-none-eabi-gcc" "ASSEMBLER=arm-none-eabi-as"
TRACE::2026-09-28.19:27:28::SCWBDomain:: "ARCHIVER=arm-none-eabi-ar" "COMPILER_FLAGS=  -O2 -c" "EXTRA_COMPILER_FLAGS=-mcpu=cortex-a9 -mfpu=vfpv3 -mfloat-abi=hard -nost
TRACE::2026-09-28.19:27:28::SCWBDomain::artfiles -g -Wall -Wextra -fno-tree-loop-distribute-patterns"

TRACE::2026-09-28.19:27:28::SCWBDomain::"Running Make include in ps7_cortexa9_0/libsrc/dmaps_v2_8/src"

TRACE::2026-09-28.19:27:28::SCWBDomain::make -C ps7_cortexa9_0/libsrc/dmaps_v2_8/src -s include  "SHELL=CMD" "COMPILER=arm-none-eabi-gcc" "ASSEMBLER=arm-none-eabi-as" 
TRACE::2026-09-28.19:27:28::SCWBDomain::"ARCHIVER=arm-none-eabi-ar" "COMPILER_FLAGS=  -O2 -c" "EXTRA_COMPILER_FLAGS=-mcpu=cortex-a9 -mfpu=vfpv3 -mfloat-abi=hard -nosta
TRACE::2026-09-28.19:27:28::SCWBDomain::rtfiles -g -Wall -Wextra -fno-tree-loop-distribute-patterns"

TRACE::2026-09-28.19:27:28::SCWBDomain::"Running Make include in ps7_cortexa9_0/libsrc/emacps_v3_18/src"

TRACE::2026-09-28.19:27:28::SCWBDomain::make -C ps7_cortexa9_0/libsrc/emacps_v3_18/src -s include  "SHELL=CMD" "COMPILER=arm-none-eabi-gcc" "ASSEMBLER=arm-none-eabi-as
TRACE::2026-09-28.19:27:28::SCWBDomain::" "ARCHIVER=arm-none-eabi-ar" "COMPILER_FLAGS=  -O2 -c" "EXTRA_COMPILER_FLAGS=-mcpu=cortex-a9 -mfpu=vfpv3 -mfloat-abi=hard -nos
TRACE::2026-09-28.19:27:28::SCWBDomain::tartfiles -g -Wall -Wextra -fno-tree-loop-distribute-patterns"

TRACE::2026-09-28.19:27:28::SCWBDomain::"Running Make include in ps7_cortexa9_0/libsrc/gpiops_v3_11/src"

TRACE::2026-09-28.19:27:28::SCWBDomain::make -C ps7_cortexa9_0/libsrc/gpiops_v3_11/src -s include  "SHELL=CMD" "COMPILER=arm-none-eabi-gcc" "ASSEMBLER=arm-none-eabi-as
TRACE::2026-09-28.19:27:28::SCWBDomain::" "ARCHIVER=arm-none-eabi-ar" "COMPILER_FLAGS=  -O2 -c" "EXTRA_COMPILER_FLAGS=-mcpu=cortex-a9 -mfpu=vfpv3 -mfloat-abi=hard -nos
TRACE::2026-09-28.19:27:28::SCWBDomain::tartfiles -g -Wall -Wextra -fno-tree-loop-distribute-patterns"

TRACE::2026-09-28.19:27:28::SCWBDomain::"Running Make include in ps7_cortexa9_0/libsrc/gpio_v4_9/src"

TRACE::2026-09-28.19:27:28::SCWBDomain::"Running Make include in ps7_cortexa9_0/libsrc/qspips_v3_10/src"

TRACE::2026-09-28.19:27:28::SCWBDomain::make -C ps7_cortexa9_0/libsrc/gpio_v4_9/src -s include  "SHELL=CMD" "COMPILER=arm-none-eabi-gcc" "ASSEMBLER=arm-none-eabi-as" "
TRACE::2026-09-28.19:27:28::SCWBDomain::ARCHIVER=arm-none-eabi-ar" "COMPILER_FLAGS=  -O2 -c" "EXTRA_COMPILER_FLAGS=-mcpu=cortex-a9 -mfpu=vfpv3 -mfloat-abi=hard -nostar
TRACE::2026-09-28.19:27:28::SCWBDomain::tfiles -g -Wall -Wextra -fno-tree-loop-distribute-patterns"

TRACE::2026-09-28.19:27:28::SCWBDomain::make -C ps7_cortexa9_0/libsrc/qspips_v3_10/src -s include  "SHELL=CMD" "COMPILER=arm-none-eabi-gcc" "ASSEMBLER=arm-none-eabi-as
TRACE::2026-09-28.19:27:28::SCWBDomain::" "ARCHIVER=arm-none-eabi-ar" "COMPILER_FLAGS=  -O2 -c" "EXTRA_COMPILER_FLAGS=-mcpu=cortex-a9 -mfpu=vfpv3 -mfloat-abi=hard -nos
TRACE::2026-09-28.19:27:28::SCWBDomain::tartfiles -g -Wall -Wextra -fno-tree-loop-distribute-patterns"

TRACE::2026-09-28.19:27:28::SCWBDomain::"Running Make include in ps7_cortexa9_0/libsrc/scugic_v5_1/src"

TRACE::2026-09-28.19:27:28::SCWBDomain::make -C ps7_cortexa9_0/libsrc/scugic_v5_1/src -s include  "SHELL=CMD" "COMPILER=arm-none-eabi-gcc" "ASSEMBLER=arm-none-eabi-as"
TRACE::2026-09-28.19:27:28::SCWBDomain:: "ARCHIVER=arm-none-eabi-ar" "COMPILER_FLAGS=  -O2 -c" "EXTRA_COMPILER_FLAGS=-mcpu=cortex-a9 -mfpu=vfpv3 -mfloat-abi=hard -nost
TRACE::2026-09-28.19:27:28::SCWBDomain::artfiles -g -Wall -Wextra -fno-tree-loop-distribute-patterns"

TRACE::2026-09-28.19:27:28::SCWBDomain::"Running Make include in ps7_cortexa9_0/libsrc/scutimer_v2_4/src"

TRACE::2026-09-28.19:27:28::SCWBDomain::make -C ps7_cortexa9_0/libsrc/scutimer_v2_4/src -s include  "SHELL=CMD" "COMPILER=arm-none-eabi-gcc" "ASSEMBLER=arm-none-eabi-a
TRACE::2026-09-28.19:27:28::SCWBDomain::s" "ARCHIVER=arm-none-eabi-ar" "COMPILER_FLAGS=  -O2 -c" "EXTRA_COMPILER_FLAGS=-mcpu=cortex-a9 -mfpu=vfpv3 -mfloat-abi=hard -no
TRACE::2026-09-28.19:27:28::SCWBDomain::startfiles -g -Wall -Wextra -fno-tree-loop-distribute-patterns"

TRACE::2026-09-28.19:27:28::SCWBDomain::"Running Make include in ps7_cortexa9_0/libsrc/scuwdt_v2_4/src"

TRACE::2026-09-28.19:27:28::SCWBDomain::make -C ps7_cortexa9_0/libsrc/scuwdt_v2_4/src -s include  "SHELL=CMD" "COMPILER=arm-none-eabi-gcc" "ASSEMBLER=arm-none-eabi-as"
TRACE::2026-09-28.19:27:28::SCWBDomain:: "ARCHIVER=arm-none-eabi-ar" "COMPILER_FLAGS=  -O2 -c" "EXTRA_COMPILER_FLAGS=-mcpu=cortex-a9 -mfpu=vfpv3 -mfloat-abi=hard -nost
TRACE::2026-09-28.19:27:28::SCWBDomain::artfiles -g -Wall -Wextra -fno-tree-loop-distribute-patterns"

TRACE::2026-09-28.19:27:28::SCWBDomain::"Running Make include in ps7_cortexa9_0/libsrc/sdps_v4_1/src"

TRACE::2026-09-28.19:27:28::SCWBDomain::make -C ps7_cortexa9_0/libsrc/sdps_v4_1/src -s include  "SHELL=CMD" "COMPILER=arm-none-eabi-gcc" "ASSEMBLER=arm-none-eabi-as" "
TRACE::2026-09-28.19:27:28::SCWBDomain::ARCHIVER=arm-none-eabi-ar" "COMPILER_FLAGS=  -O2 -c" "EXTRA_COMPILER_FLAGS=-mcpu=cortex-a9 -mfpu=vfpv3 -mfloat-abi=hard -nostar
TRACE::2026-09-28.19:27:28::SCWBDomain::tfiles -g -Wall -Wextra -fno-tree-loop-distribute-patterns"

TRACE::2026-09-28.19:27:28::SCWBDomain::"Running Make include in ps7_cortexa9_0/libsrc/standalone_v8_1/src"

TRACE::2026-09-28.19:27:28::SCWBDomain::make -C ps7_cortexa9_0/libsrc/standalone_v8_1/src -s include  "SHELL=CMD" "COMPILER=arm-none-eabi-gcc" "ASSEMBLER=arm-none-eabi
TRACE::2026-09-28.19:27:28::SCWBDomain::-as" "ARCHIVER=arm-none-eabi-ar" "COMPILER_FLAGS=  -O2 -c" "EXTRA_COMPILER_FLAGS=-mcpu=cortex-a9 -mfpu=vfpv3 -mfloat-abi=hard -
TRACE::2026-09-28.19:27:28::SCWBDomain::nostartfiles -g -Wall -Wextra -fno-tree-loop-distribute-patterns"

TRACE::2026-09-28.19:27:28::SCWBDomain::"Running Make include in ps7_cortexa9_0/libsrc/uartps_v3_12/src"

TRACE::2026-09-28.19:27:28::SCWBDomain::make -C ps7_cortexa9_0/libsrc/uartps_v3_12/src -s include  "SHELL=CMD" "COMPILER=arm-none-eabi-gcc" "ASSEMBLER=arm-none-eabi-as
TRACE::2026-09-28.19:27:28::SCWBDomain::" "ARCHIVER=arm-none-eabi-ar" "COMPILER_FLAGS=  -O2 -c" "EXTRA_COMPILER_FLAGS=-mcpu=cortex-a9 -mfpu=vfpv3 -mfloat-abi=hard -nos
TRACE::2026-09-28.19:27:28::SCWBDomain::tartfiles -g -Wall -Wextra -fno-tree-loop-distribute-patterns"

TRACE::2026-09-28.19:27:28::SCWBDomain::"Running Make include in ps7_cortexa9_0/libsrc/usbps_v2_7/src"

TRACE::2026-09-28.19:27:28::SCWBDomain::make -C ps7_cortexa9_0/libsrc/usbps_v2_7/src -s include  "SHELL=CMD" "COMPILER=arm-none-eabi-gcc" "ASSEMBLER=arm-none-eabi-as" 
TRACE::2026-09-28.19:27:28::SCWBDomain::"ARCHIVER=arm-none-eabi-ar" "COMPILER_FLAGS=  -O2 -c" "EXTRA_COMPILER_FLAGS=-mcpu=cortex-a9 -mfpu=vfpv3 -mfloat-abi=hard -nosta
TRACE::2026-09-28.19:27:28::SCWBDomain::rtfiles -g -Wall -Wextra -fno-tree-loop-distribute-patterns"

TRACE::2026-09-28.19:27:28::SCWBDomain::"Running Make include in ps7_cortexa9_0/libsrc/xadcps_v2_6/src"

TRACE::2026-09-28.19:27:28::SCWBDomain::make -C ps7_cortexa9_0/libsrc/xadcps_v2_6/src -s include  "SHELL=CMD" "COMPILER=arm-none-eabi-gcc" "ASSEMBLER=arm-none-eabi-as"
TRACE::2026-09-28.19:27:28::SCWBDomain:: "ARCHIVER=arm-none-eabi-ar" "COMPILER_FLAGS=  -O2 -c" "EXTRA_COMPILER_FLAGS=-mcpu=cortex-a9 -mfpu=vfpv3 -mfloat-abi=hard -nost
TRACE::2026-09-28.19:27:28::SCWBDomain::artfiles -g -Wall -Wextra -fno-tree-loop-distribute-patterns"

TRACE::2026-09-28.19:27:28::SCWBDomain::"Running Make include in ps7_cortexa9_0/libsrc/xilffs_v5_0/src"

TRACE::2026-09-28.19:27:28::SCWBDomain::make -C ps7_cortexa9_0/libsrc/xilffs_v5_0/src -s include  "SHELL=CMD" "COMPILER=arm-none-eabi-gcc" "ASSEMBLER=arm-none-eabi-as"
TRACE::2026-09-28.19:27:28::SCWBDomain:: "ARCHIVER=arm-none-eabi-ar" "COMPILER_FLAGS=  -O2 -c" "EXTRA_COMPILER_FLAGS=-mcpu=cortex-a9 -mfpu=vfpv3 -mfloat-abi=hard -nost
TRACE::2026-09-28.19:27:28::SCWBDomain::artfiles -g -Wall -Wextra -fno-tree-loop-distribute-patterns"

TRACE::2026-09-28.19:27:28::SCWBDomain::"Running Make include in ps7_cortexa9_0/libsrc/xilrsa_v1_6/src"

TRACE::2026-09-28.19:27:28::SCWBDomain::make -C ps7_cortexa9_0/libsrc/xilrsa_v1_6/src -s include  "SHELL=CMD" "COMPILER=arm-none-eabi-gcc" "ASSEMBLER=arm-none-eabi-as"
TRACE::2026-09-28.19:27:28::SCWBDomain:: "ARCHIVER=arm-none-eabi-ar" "COMPILER_FLAGS=  -O2 -c" "EXTRA_COMPILER_FLAGS=-mcpu=cortex-a9 -mfpu=vfpv3 -mfloat-abi=hard -nost
TRACE::2026-09-28.19:27:28::SCWBDomain::artfiles -g -Wall -Wextra -fno-tree-loop-distribute-patterns"

TRACE::2026-09-28.19:27:28::SCWBDomain::"Running Make libs in ps7_cortexa9_0/libsrc/coresightps_dcc_v1_8/src"

TRACE::2026-09-28.19:27:28::SCWBDomain::make -C ps7_cortexa9_0/libsrc/coresightps_dcc_v1_8/src -s libs  "SHELL=CMD" "COMPILER=arm-none-eabi-gcc" "ASSEMBLER=arm-none-ea
TRACE::2026-09-28.19:27:28::SCWBDomain::bi-as" "ARCHIVER=arm-none-eabi-ar" "COMPILER_FLAGS=  -O2 -c" "EXTRA_COMPILER_FLAGS=-mcpu=cortex-a9 -mfpu=vfpv3 -mfloat-abi=hard
TRACE::2026-09-28.19:27:28::SCWBDomain:: -nostartfiles -g -Wall -Wextra -fno-tree-loop-distribute-patterns"

TRACE::2026-09-28.19:27:28::SCWBDomain::"Running Make libs in ps7_cortexa9_0/libsrc/cpu_cortexa9_v2_11/src"

TRACE::2026-09-28.19:27:28::SCWBDomain::"Running Make libs in ps7_cortexa9_0/libsrc/ddrps_v1_2/src"

TRACE::2026-09-28.19:27:28::SCWBDomain::make -C ps7_cortexa9_0/libsrc/cpu_cortexa9_v2_11/src -s libs  "SHELL=CMD" "COMPILER=arm-none-eabi-gcc" "ASSEMBLER=arm-none-eabi
TRACE::2026-09-28.19:27:28::SCWBDomain::-as" "ARCHIVER=arm-none-eabi-ar" "COMPILER_FLAGS=  -O2 -c" "EXTRA_COMPILER_FLAGS=-mcpu=cortex-a9 -mfpu=vfpv3 -mfloat-abi=hard -
TRACE::2026-09-28.19:27:28::SCWBDomain::nostartfiles -g -Wall -Wextra -fno-tree-loop-distribute-patterns"

TRACE::2026-09-28.19:27:28::SCWBDomain::make -C ps7_cortexa9_0/libsrc/ddrps_v1_2/src -s libs  "SHELL=CMD" "COMPILER=arm-none-eabi-gcc" "ASSEMBLER=arm-none-eabi-as" "AR
TRACE::2026-09-28.19:27:28::SCWBDomain::CHIVER=arm-none-eabi-ar" "COMPILER_FLAGS=  -O2 -c" "EXTRA_COMPILER_FLAGS=-mcpu=cortex-a9 -mfpu=vfpv3 -mfloat-abi=hard -nostartf
TRACE::2026-09-28.19:27:28::SCWBDomain::iles -g -Wall -Wextra -fno-tree-loop-distribute-patterns"

TRACE::2026-09-28.19:27:28::SCWBDomain::"Running Make libs in ps7_cortexa9_0/libsrc/devcfg_v3_7/src"

TRACE::2026-09-28.19:27:28::SCWBDomain::make -C ps7_cortexa9_0/libsrc/devcfg_v3_7/src -s libs  "SHELL=CMD" "COMPILER=arm-none-eabi-gcc" "ASSEMBLER=arm-none-eabi-as" "A
TRACE::2026-09-28.19:27:28::SCWBDomain::RCHIVER=arm-none-eabi-ar" "COMPILER_FLAGS=  -O2 -c" "EXTRA_COMPILER_FLAGS=-mcpu=cortex-a9 -mfpu=vfpv3 -mfloat-abi=hard -nostart
TRACE::2026-09-28.19:27:28::SCWBDomain::files -g -Wall -Wextra -fno-tree-loop-distribute-patterns"

TRACE::2026-09-28.19:27:28::SCWBDomain::"Running Make libs in ps7_cortexa9_0/libsrc/dmaps_v2_8/src"

TRACE::2026-09-28.19:27:28::SCWBDomain::make -C ps7_cortexa9_0/libsrc/dmaps_v2_8/src -s libs  "SHELL=CMD" "COMPILER=arm-none-eabi-gcc" "ASSEMBLER=arm-none-eabi-as" "AR
TRACE::2026-09-28.19:27:28::SCWBDomain::CHIVER=arm-none-eabi-ar" "COMPILER_FLAGS=  -O2 -c" "EXTRA_COMPILER_FLAGS=-mcpu=cortex-a9 -mfpu=vfpv3 -mfloat-abi=hard -nostartf
TRACE::2026-09-28.19:27:28::SCWBDomain::iles -g -Wall -Wextra -fno-tree-loop-distribute-patterns"

TRACE::2026-09-28.19:27:28::SCWBDomain::"Running Make libs in ps7_cortexa9_0/libsrc/emacps_v3_18/src"

TRACE::2026-09-28.19:27:28::SCWBDomain::make -C ps7_cortexa9_0/libsrc/emacps_v3_18/src -s libs  "SHELL=CMD" "COMPILER=arm-none-eabi-gcc" "ASSEMBLER=arm-none-eabi-as" "
TRACE::2026-09-28.19:27:28::SCWBDomain::ARCHIVER=arm-none-eabi-ar" "COMPILER_FLAGS=  -O2 -c" "EXTRA_COMPILER_FLAGS=-mcpu=cortex-a9 -mfpu=vfpv3 -mfloat-abi=hard -nostar
TRACE::2026-09-28.19:27:28::SCWBDomain::tfiles -g -Wall -Wextra -fno-tree-loop-distribute-patterns"

TRACE::2026-09-28.19:27:28::SCWBDomain::"Running Make libs in ps7_cortexa9_0/libsrc/gpiops_v3_11/src"

TRACE::2026-09-28.19:27:28::SCWBDomain::make -C ps7_cortexa9_0/libsrc/gpiops_v3_11/src -s libs  "SHELL=CMD" "COMPILER=arm-none-eabi-gcc" "ASSEMBLER=arm-none-eabi-as" "
TRACE::2026-09-28.19:27:28::SCWBDomain::ARCHIVER=arm-none-eabi-ar" "COMPILER_FLAGS=  -O2 -c" "EXTRA_COMPILER_FLAGS=-mcpu=cortex-a9 -mfpu=vfpv3 -mfloat-abi=hard -nostar
TRACE::2026-09-28.19:27:28::SCWBDomain::tfiles -g -Wall -Wextra -fno-tree-loop-distribute-patterns"

TRACE::2026-09-28.19:27:28::SCWBDomain::"Running Make libs in ps7_cortexa9_0/libsrc/gpio_v4_9/src"

TRACE::2026-09-28.19:27:28::SCWBDomain::make -C ps7_cortexa9_0/libsrc/gpio_v4_9/src -s libs  "SHELL=CMD" "COMPILER=arm-none-eabi-gcc" "ASSEMBLER=arm-none-eabi-as" "ARC
TRACE::2026-09-28.19:27:28::SCWBDomain::HIVER=arm-none-eabi-ar" "COMPILER_FLAGS=  -O2 -c" "EXTRA_COMPILER_FLAGS=-mcpu=cortex-a9 -mfpu=vfpv3 -mfloat-abi=hard -nostartfi
TRACE::2026-09-28.19:27:28::SCWBDomain::les -g -Wall -Wextra -fno-tree-loop-distribute-patterns"

TRACE::2026-09-28.19:27:28::SCWBDomain::"Running Make libs in ps7_cortexa9_0/libsrc/qspips_v3_10/src"

TRACE::2026-09-28.19:27:28::SCWBDomain::make -C ps7_cortexa9_0/libsrc/qspips_v3_10/src -s libs  "SHELL=CMD" "COMPILER=arm-none-eabi-gcc" "ASSEMBLER=arm-none-eabi-as" "
TRACE::2026-09-28.19:27:28::SCWBDomain::ARCHIVER=arm-none-eabi-ar" "COMPILER_FLAGS=  -O2 -c" "EXTRA_COMPILER_FLAGS=-mcpu=cortex-a9 -mfpu=vfpv3 -mfloat-abi=hard -nostar
TRACE::2026-09-28.19:27:28::SCWBDomain::tfiles -g -Wall -Wextra -fno-tree-loop-distribute-patterns"

TRACE::2026-09-28.19:27:28::SCWBDomain::"Running Make libs in ps7_cortexa9_0/libsrc/scugic_v5_1/src"

TRACE::2026-09-28.19:27:28::SCWBDomain::make -C ps7_cortexa9_0/libsrc/scugic_v5_1/src -s libs  "SHELL=CMD" "COMPILER=arm-none-eabi-gcc" "ASSEMBLER=arm-none-eabi-as" "A
TRACE::2026-09-28.19:27:28::SCWBDomain::RCHIVER=arm-none-eabi-ar" "COMPILER_FLAGS=  -O2 -c" "EXTRA_COMPILER_FLAGS=-mcpu=cortex-a9 -mfpu=vfpv3 -mfloat-abi=hard -nostart
TRACE::2026-09-28.19:27:28::SCWBDomain::files -g -Wall -Wextra -fno-tree-loop-distribute-patterns"

TRACE::2026-09-28.19:27:28::SCWBDomain::"Running Make libs in ps7_cortexa9_0/libsrc/scutimer_v2_4/src"

TRACE::2026-09-28.19:27:28::SCWBDomain::make -C ps7_cortexa9_0/libsrc/scutimer_v2_4/src -s libs  "SHELL=CMD" "COMPILER=arm-none-eabi-gcc" "ASSEMBLER=arm-none-eabi-as" 
TRACE::2026-09-28.19:27:28::SCWBDomain::"ARCHIVER=arm-none-eabi-ar" "COMPILER_FLAGS=  -O2 -c" "EXTRA_COMPILER_FLAGS=-mcpu=cortex-a9 -mfpu=vfpv3 -mfloat-abi=hard -nosta
TRACE::2026-09-28.19:27:28::SCWBDomain::rtfiles -g -Wall -Wextra -fno-tree-loop-distribute-patterns"

TRACE::2026-09-28.19:27:29::SCWBDomain::"Running Make libs in ps7_cortexa9_0/libsrc/scuwdt_v2_4/src"

TRACE::2026-09-28.19:27:29::SCWBDomain::make -C ps7_cortexa9_0/libsrc/scuwdt_v2_4/src -s libs  "SHELL=CMD" "COMPILER=arm-none-eabi-gcc" "ASSEMBLER=arm-none-eabi-as" "A
TRACE::2026-09-28.19:27:29::SCWBDomain::RCHIVER=arm-none-eabi-ar" "COMPILER_FLAGS=  -O2 -c" "EXTRA_COMPILER_FLAGS=-mcpu=cortex-a9 -mfpu=vfpv3 -mfloat-abi=hard -nostart
TRACE::2026-09-28.19:27:29::SCWBDomain::files -g -Wall -Wextra -fno-tree-loop-distribute-patterns"

TRACE::2026-09-28.19:27:29::SCWBDomain::"Running Make libs in ps7_cortexa9_0/libsrc/sdps_v4_1/src"

TRACE::2026-09-28.19:27:29::SCWBDomain::make -C ps7_cortexa9_0/libsrc/sdps_v4_1/src -s libs  "SHELL=CMD" "COMPILER=arm-none-eabi-gcc" "ASSEMBLER=arm-none-eabi-as" "ARC
TRACE::2026-09-28.19:27:29::SCWBDomain::HIVER=arm-none-eabi-ar" "COMPILER_FLAGS=  -O2 -c" "EXTRA_COMPILER_FLAGS=-mcpu=cortex-a9 -mfpu=vfpv3 -mfloat-abi=hard -nostartfi
TRACE::2026-09-28.19:27:29::SCWBDomain::les -g -Wall -Wextra -fno-tree-loop-distribute-patterns"

TRACE::2026-09-28.19:27:29::SCWBDomain::"Running Make libs in ps7_cortexa9_0/libsrc/standalone_v8_1/src"

TRACE::2026-09-28.19:27:29::SCWBDomain::make -C ps7_cortexa9_0/libsrc/standalone_v8_1/src -s libs  "SHELL=CMD" "COMPILER=arm-none-eabi-gcc" "ASSEMBLER=arm-none-eabi-as
TRACE::2026-09-28.19:27:29::SCWBDomain::" "ARCHIVER=arm-none-eabi-ar" "COMPILER_FLAGS=  -O2 -c" "EXTRA_COMPILER_FLAGS=-mcpu=cortex-a9 -mfpu=vfpv3 -mfloat-abi=hard -nos
TRACE::2026-09-28.19:27:29::SCWBDomain::tartfiles -g -Wall -Wextra -fno-tree-loop-distribute-patterns"

TRACE::2026-09-28.19:27:29::SCWBDomain::"Running Make libs in ps7_cortexa9_0/libsrc/uartps_v3_12/src"

TRACE::2026-09-28.19:27:29::SCWBDomain::make -C ps7_cortexa9_0/libsrc/uartps_v3_12/src -s libs  "SHELL=CMD" "COMPILER=arm-none-eabi-gcc" "ASSEMBLER=arm-none-eabi-as" "
TRACE::2026-09-28.19:27:29::SCWBDomain::ARCHIVER=arm-none-eabi-ar" "COMPILER_FLAGS=  -O2 -c" "EXTRA_COMPILER_FLAGS=-mcpu=cortex-a9 -mfpu=vfpv3 -mfloat-abi=hard -nostar
TRACE::2026-09-28.19:27:29::SCWBDomain::tfiles -g -Wall -Wextra -fno-tree-loop-distribute-patterns"

TRACE::2026-09-28.19:27:29::SCWBDomain::"Running Make libs in ps7_cortexa9_0/libsrc/usbps_v2_7/src"

TRACE::2026-09-28.19:27:29::SCWBDomain::make -C ps7_cortexa9_0/libsrc/usbps_v2_7/src -s libs  "SHELL=CMD" "COMPILER=arm-none-eabi-gcc" "ASSEMBLER=arm-none-eabi-as" "AR
TRACE::2026-09-28.19:27:29::SCWBDomain::CHIVER=arm-none-eabi-ar" "COMPILER_FLAGS=  -O2 -c" "EXTRA_COMPILER_FLAGS=-mcpu=cortex-a9 -mfpu=vfpv3 -mfloat-abi=hard -nostartf
TRACE::2026-09-28.19:27:29::SCWBDomain::iles -g -Wall -Wextra -fno-tree-loop-distribute-patterns"

TRACE::2026-09-28.19:27:29::SCWBDomain::"Running Make libs in ps7_cortexa9_0/libsrc/xadcps_v2_6/src"

TRACE::2026-09-28.19:27:29::SCWBDomain::make -C ps7_cortexa9_0/libsrc/xadcps_v2_6/src -s libs  "SHELL=CMD" "COMPILER=arm-none-eabi-gcc" "ASSEMBLER=arm-none-eabi-as" "A
TRACE::2026-09-28.19:27:29::SCWBDomain::RCHIVER=arm-none-eabi-ar" "COMPILER_FLAGS=  -O2 -c" "EXTRA_COMPILER_FLAGS=-mcpu=cortex-a9 -mfpu=vfpv3 -mfloat-abi=hard -nostart
TRACE::2026-09-28.19:27:29::SCWBDomain::files -g -Wall -Wextra -fno-tree-loop-distribute-patterns"

TRACE::2026-09-28.19:27:29::SCWBDomain::"Running Make libs in ps7_cortexa9_0/libsrc/xilffs_v5_0/src"

TRACE::2026-09-28.19:27:29::SCWBDomain::make -C ps7_cortexa9_0/libsrc/xilffs_v5_0/src -s libs  "SHELL=CMD" "COMPILER=arm-none-eabi-gcc" "ASSEMBLER=arm-none-eabi-as" "A
TRACE::2026-09-28.19:27:29::SCWBDomain::RCHIVER=arm-none-eabi-ar" "COMPILER_FLAGS=  -O2 -c" "EXTRA_COMPILER_FLAGS=-mcpu=cortex-a9 -mfpu=vfpv3 -mfloat-abi=hard -nostart
TRACE::2026-09-28.19:27:29::SCWBDomain::files -g -Wall -Wextra -fno-tree-loop-distribute-patterns"

TRACE::2026-09-28.19:27:30::SCWBDomain::'Finished building libraries parallelly.'

TRACE::2026-09-28.19:27:30::SCWBDomain::make --no-print-directory archive

TRACE::2026-09-28.19:27:30::SCWBDomain::arm-none-eabi-ar -r  ps7_cortexa9_0/lib/libxil.a ps7_cortexa9_0/lib/_exit.o ps7_cortexa9_0/lib/_open.o ps7_cortexa9_0/lib/_sbrk
TRACE::2026-09-28.19:27:30::SCWBDomain::.o ps7_cortexa9_0/lib/abort.o ps7_cortexa9_0/lib/asm_vectors.o ps7_cortexa9_0/lib/boot.o ps7_cortexa9_0/lib/close.o ps7_cortexa
TRACE::2026-09-28.19:27:30::SCWBDomain::9_0/lib/cpputest_time.o ps7_cortexa9_0/lib/cpu_init.o ps7_cortexa9_0/lib/errno.o ps7_cortexa9_0/lib/fcntl.o ps7_cortexa9_0/lib/
TRACE::2026-09-28.19:27:30::SCWBDomain::fstat.o ps7_cortexa9_0/lib/getentropy.o ps7_cortexa9_0/lib/getpid.o ps7_cortexa9_0/lib/inbyte.o ps7_cortexa9_0/lib/isatty.o ps7
TRACE::2026-09-28.19:27:30::SCWBDomain::_cortexa9_0/lib/kill.o ps7_cortexa9_0/lib/lseek.o ps7_cortexa9_0/lib/open.o ps7_cortexa9_0/lib/outbyte.o ps7_cortexa9_0/lib/pri
TRACE::2026-09-28.19:27:30::SCWBDomain::nt.o ps7_cortexa9_0/lib/putnum.o ps7_cortexa9_0/lib/read.o ps7_cortexa9_0/lib/sbrk.o ps7_cortexa9_0/lib/sleep.o ps7_cortexa9_0/
TRACE::2026-09-28.19:27:30::SCWBDomain::lib/time.o ps7_cortexa9_0/lib/translation_table.o ps7_cortexa9_0/lib/unlink.o ps7_cortexa9_0/lib/usleep.o ps7_cortexa9_0/lib/ve
TRACE::2026-09-28.19:27:30::SCWBDomain::ctors.o ps7_cortexa9_0/lib/write.o ps7_cortexa9_0/lib/xadcps.o ps7_cortexa9_0/lib/xadcps_g.o ps7_cortexa9_0/lib/xadcps_intr.o p
TRACE::2026-09-28.19:27:30::SCWBDomain::s7_cortexa9_0/lib/xadcps_selftest.o ps7_cortexa9_0/lib/xadcps_sinit.o ps7_cortexa9_0/lib/xcoresightpsdcc.o ps7_cortexa9_0/lib/x
TRACE::2026-09-28.19:27:30::SCWBDomain::devcfg.o ps7_cortexa9_0/lib/xdevcfg_g.o ps7_cortexa9_0/lib/xdevcfg_hw.o ps7_cortexa9_0/lib/xdevcfg_intr.o ps7_cortexa9_0/lib/xd
TRACE::2026-09-28.19:27:30::SCWBDomain::evcfg_selftest.o ps7_cortexa9_0/lib/xdevcfg_sinit.o ps7_cortexa9_0/lib/xdmaps.o ps7_cortexa9_0/lib/xdmaps_g.o ps7_cortexa9_0/li
TRACE::2026-09-28.19:27:30::SCWBDomain::b/xdmaps_hw.o ps7_cortexa9_0/lib/xdmaps_selftest.o ps7_cortexa9_0/lib/xdmaps_sinit.o ps7_cortexa9_0/lib/xemacps.o ps7_cortexa9_
TRACE::2026-09-28.19:27:30::SCWBDomain::0/lib/xemacps_bdring.o ps7_cortexa9_0/lib/xemacps_control.o ps7_cortexa9_0/lib/xemacps_g.o ps7_cortexa9_0/lib/xemacps_hw.o ps7_
TRACE::2026-09-28.19:27:30::SCWBDomain::cortexa9_0/lib/xemacps_intr.o ps7_cortexa9_0/lib/xemacps_sinit.o ps7_cortexa9_0/lib/xgpio.o ps7_cortexa9_0/lib/xgpio_extra.o ps
TRACE::2026-09-28.19:27:30::SCWBDomain::7_cortexa9_0/lib/xgpio_g.o ps7_cortexa9_0/lib/xgpio_intr.o ps7_cortexa9_0/lib/xgpio_selftest.o ps7_cortexa9_0/lib/xgpio_sinit.o
TRACE::2026-09-28.19:27:30::SCWBDomain:: ps7_cortexa9_0/lib/xgpiops.o ps7_cortexa9_0/lib/xgpiops_g.o ps7_cortexa9_0/lib/xgpiops_hw.o ps7_cortexa9_0/lib/xgpiops_intr.o 
TRACE::2026-09-28.19:27:30::SCWBDomain::ps7_cortexa9_0/lib/xgpiops_selftest.o ps7_cortexa9_0/lib/xgpiops_sinit.o ps7_cortexa9_0/lib/xil-crt0.o ps7_cortexa9_0/lib/xil_a
TRACE::2026-09-28.19:27:30::SCWBDomain::ssert.o ps7_cortexa9_0/lib/xil_cache.o ps7_cortexa9_0/lib/xil_clocking.o ps7_cortexa9_0/lib/xil_exception.o ps7_cortexa9_0/lib/
TRACE::2026-09-28.19:27:30::SCWBDomain::xil_mem.o ps7_cortexa9_0/lib/xil_misc_psreset_api.o ps7_cortexa9_0/lib/xil_mmu.o ps7_cortexa9_0/lib/xil_printf.o ps7_cortexa9_0
TRACE::2026-09-28.19:27:30::SCWBDomain::/lib/xil_sleepcommon.o ps7_cortexa9_0/lib/xil_sleeptimer.o ps7_cortexa9_0/lib/xil_spinlock.o ps7_cortexa9_0/lib/xil_testcache.o
TRACE::2026-09-28.19:27:30::SCWBDomain:: ps7_cortexa9_0/lib/xil_testio.o ps7_cortexa9_0/lib/xil_testmem.o ps7_cortexa9_0/lib/xil_util.o ps7_cortexa9_0/lib/xinterrupt_w
TRACE::2026-09-28.19:27:30::SCWBDomain::rap.o ps7_cortexa9_0/lib/xl2cc_counter.o ps7_cortexa9_0/lib/xplatform_info.o ps7_cortexa9_0/lib/xpm_counter.o ps7_cortexa9_0/li
TRACE::2026-09-28.19:27:30::SCWBDomain::b/xqspips.o ps7_cortexa9_0/lib/xqspips_g.o ps7_cortexa9_0/lib/xqspips_hw.o ps7_cortexa9_0/lib/xqspips_options.o ps7_cortexa9_0/
TRACE::2026-09-28.19:27:30::SCWBDomain::lib/xqspips_selftest.o ps7_cortexa9_0/lib/xqspips_sinit.o ps7_cortexa9_0/lib/xscugic.o ps7_cortexa9_0/lib/xscugic_g.o ps7_corte
TRACE::2026-09-28.19:27:30::SCWBDomain::xa9_0/lib/xscugic_hw.o ps7_cortexa9_0/lib/xscugic_intr.o ps7_cortexa9_0/lib/xscugic_selftest.o ps7_cortexa9_0/lib/xscugic_sinit
TRACE::2026-09-28.19:27:30::SCWBDomain::.o ps7_cortexa9_0/lib/xscutimer.o ps7_cortexa9_0/lib/xscutimer_g.o ps7_cortexa9_0/lib/xscutimer_selftest.o ps7_cortexa9_0/lib/x
TRACE::2026-09-28.19:27:30::SCWBDomain::scutimer_sinit.o ps7_cortexa9_0/lib/xscuwdt.o ps7_cortexa9_0/lib/xscuwdt_g.o ps7_cortexa9_0/lib/xscuwdt_selftest.o ps7_cortexa9
TRACE::2026-09-28.19:27:30::SCWBDomain::_0/lib/xscuwdt_sinit.o ps7_cortexa9_0/lib/xsdps.o ps7_cortexa9_0/lib/xsdps_card.o ps7_cortexa9_0/lib/xsdps_g.o ps7_cortexa9_0/l
TRACE::2026-09-28.19:27:30::SCWBDomain::ib/xsdps_host.o ps7_cortexa9_0/lib/xsdps_options.o ps7_cortexa9_0/lib/xsdps_sinit.o ps7_cortexa9_0/lib/xtime_l.o ps7_cortexa9_0
TRACE::2026-09-28.19:27:30::SCWBDomain::/lib/xuartps.o ps7_cortexa9_0/lib/xuartps_g.o ps7_cortexa9_0/lib/xuartps_hw.o ps7_cortexa9_0/lib/xuartps_intr.o ps7_cortexa9_0/
TRACE::2026-09-28.19:27:30::SCWBDomain::lib/xuartps_options.o ps7_cortexa9_0/lib/xuartps_selftest.o ps7_cortexa9_0/lib/xuartps_sinit.o ps7_cortexa9_0/lib/xusbps.o ps7_
TRACE::2026-09-28.19:27:30::SCWBDomain::cortexa9_0/lib/xusbps_endpoint.o ps7_cortexa9_0/lib/xusbps_g.o ps7_cortexa9_0/lib/xusbps_hw.o ps7_cortexa9_0/lib/xusbps_intr.o 
TRACE::2026-09-28.19:27:30::SCWBDomain::ps7_cortexa9_0/lib/xusbps_sinit.o

TRACE::2026-09-28.19:27:31::SCWBDomain::'Finished building libraries'

TRACE::2026-09-28.19:27:31::SCWBDomain::make: Leaving directory 'C:/Users/Char/Documents/ECE_520/Fall_26/axi_gpio_caa/axi_gpio_vitis/axi_gpio_plat/zynq_fsbl/zynq_fsbl_
TRACE::2026-09-28.19:27:31::SCWBDomain::bsp'

TRACE::2026-09-28.19:27:31::SCWBDomain::arm-none-eabi-gcc  -O2 -c -MMD -MP       -mcpu=cortex-a9 -mfpu=vfpv3 -mfloat-abi=hard  -c sd.c -o sd.o -Izynq_fsbl_bsp/ps7_cort
TRACE::2026-09-28.19:27:31::SCWBDomain::exa9_0/include -I.

TRACE::2026-09-28.19:27:31::SCWBDomain::arm-none-eabi-gcc  -O2 -c -MMD -MP       -mcpu=cortex-a9 -mfpu=vfpv3 -mfloat-abi=hard  -c nand.c -o nand.o -Izynq_fsbl_bsp/ps7_
TRACE::2026-09-28.19:27:31::SCWBDomain::cortexa9_0/include -I.

TRACE::2026-09-28.19:27:31::SCWBDomain::arm-none-eabi-gcc  -O2 -c -MMD -MP       -mcpu=cortex-a9 -mfpu=vfpv3 -mfloat-abi=hard  -c nor.c -o nor.o -Izynq_fsbl_bsp/ps7_co
TRACE::2026-09-28.19:27:31::SCWBDomain::rtexa9_0/include -I.

TRACE::2026-09-28.19:27:31::SCWBDomain::arm-none-eabi-gcc  -O2 -c -MMD -MP       -mcpu=cortex-a9 -mfpu=vfpv3 -mfloat-abi=hard  -c image_mover.c -o image_mover.o -Izynq
TRACE::2026-09-28.19:27:31::SCWBDomain::_fsbl_bsp/ps7_cortexa9_0/include -I.

TRACE::2026-09-28.19:27:31::SCWBDomain::arm-none-eabi-gcc  -O2 -c -MMD -MP       -mcpu=cortex-a9 -mfpu=vfpv3 -mfloat-abi=hard  -c md5.c -o md5.o -Izynq_fsbl_bsp/ps7_co
TRACE::2026-09-28.19:27:31::SCWBDomain::rtexa9_0/include -I.

TRACE::2026-09-28.19:27:31::SCWBDomain::arm-none-eabi-gcc  -O2 -c -MMD -MP       -mcpu=cortex-a9 -mfpu=vfpv3 -mfloat-abi=hard  -c fsbl_hooks.c -o fsbl_hooks.o -Izynq_f
TRACE::2026-09-28.19:27:31::SCWBDomain::sbl_bsp/ps7_cortexa9_0/include -I.

TRACE::2026-09-28.19:27:31::SCWBDomain::arm-none-eabi-gcc  -O2 -c -MMD -MP       -mcpu=cortex-a9 -mfpu=vfpv3 -mfloat-abi=hard  -c main.c -o main.o -Izynq_fsbl_bsp/ps7_
TRACE::2026-09-28.19:27:31::SCWBDomain::cortexa9_0/include -I.

TRACE::2026-09-28.19:27:31::SCWBDomain::arm-none-eabi-gcc  -O2 -c -MMD -MP       -mcpu=cortex-a9 -mfpu=vfpv3 -mfloat-abi=hard  -c rsa.c -o rsa.o -Izynq_fsbl_bsp/ps7_co
TRACE::2026-09-28.19:27:31::SCWBDomain::rtexa9_0/include -I.

TRACE::2026-09-28.19:27:32::SCWBDomain::arm-none-eabi-gcc  -O2 -c -MMD -MP       -mcpu=cortex-a9 -mfpu=vfpv3 -mfloat-abi=hard  -c qspi.c -o qspi.o -Izynq_fsbl_bsp/ps7_
TRACE::2026-09-28.19:27:32::SCWBDomain::cortexa9_0/include -I.

TRACE::2026-09-28.19:27:32::SCWBDomain::arm-none-eabi-gcc  -O2 -c -MMD -MP       -mcpu=cortex-a9 -mfpu=vfpv3 -mfloat-abi=hard  -c ps7_init.c -o ps7_init.o -Izynq_fsbl_
TRACE::2026-09-28.19:27:32::SCWBDomain::bsp/ps7_cortexa9_0/include -I.

TRACE::2026-09-28.19:27:32::SCWBDomain::arm-none-eabi-gcc  -O2 -c -MMD -MP       -mcpu=cortex-a9 -mfpu=vfpv3 -mfloat-abi=hard  -c pcap.c -o pcap.o -Izynq_fsbl_bsp/ps7_
TRACE::2026-09-28.19:27:32::SCWBDomain::cortexa9_0/include -I.

TRACE::2026-09-28.19:27:32::SCWBDomain::arm-none-eabi-gcc  -O2 -c -MMD -MP       -mcpu=cortex-a9 -mfpu=vfpv3 -mfloat-abi=hard  -c fsbl_handoff.S -o fsbl_handoff.o -Izy
TRACE::2026-09-28.19:27:32::SCWBDomain::nq_fsbl_bsp/ps7_cortexa9_0/include -I.

TRACE::2026-09-28.19:27:32::SCWBDomain::arm-none-eabi-gcc -o fsbl.elf fsbl_handoff.o fsbl_hooks.o image_mover.o main.o md5.o nand.o nor.o pcap.o ps7_init.o qspi.o rsa.
TRACE::2026-09-28.19:27:32::SCWBDomain::o sd.o -MMD -MP       -mcpu=cortex-a9 -mfpu=vfpv3 -mfloat-abi=hard   -mcpu=cortex-a9 -mfpu=vfpv3 -mfloat-abi=hard -Wl,-build-id
TRACE::2026-09-28.19:27:32::SCWBDomain::=none -specs=Xilinx.spec  -lrsa -Wl,--start-group,-lxil,-lgcc,-lc,--end-group -Wl,--start-group,-lxilffs,-lxil,-lgcc,-lc,--end-
TRACE::2026-09-28.19:27:32::SCWBDomain::group -Wl,--start-group,-lrsa,-lxil,-lgcc,-lc,--end-group                                      -Wl,--gc-sections -Lzynq_fsbl_bs
TRACE::2026-09-28.19:27:32::SCWBDomain::p/ps7_cortexa9_0/lib -L./ -Tlscript.ld

LOG::2026-09-28.19:27:32::SCWSystem::Checking the domain standalone_domain
LOG::2026-09-28.19:27:32::SCWSystem::Not a boot domain 
LOG::2026-09-28.19:27:32::SCWSystem::Started Processing the domain standalone_domain
TRACE::2026-09-28.19:27:32::SCWDomain::Generating domain artifcats
TRACE::2026-09-28.19:27:32::SCWMssOS::Generating standalone artifcats
TRACE::2026-09-28.19:27:32::SCWMssOS::Copying the qemu file from  C:/Users/Char/Documents/ECE_520/Fall_26/axi_gpio_caa/axi_gpio_vitis/axi_gpio_plat/resources/axi_gpio_plat/standalone_domain/qemu_args.txt To C:/Users/Char/Documents/ECE_520/Fall_26/axi_gpio_caa/axi_gpio_vitis/axi_gpio_plat/export/axi_gpio_plat/sw/axi_gpio_plat/qemu/
TRACE::2026-09-28.19:27:32::SCWMssOS::Copying the qemu file from  C:/Users/Char/Documents/ECE_520/Fall_26/axi_gpio_caa/axi_gpio_vitis/axi_gpio_plat/resources/axi_gpio_plat/standalone_domain/qemu_args.txt To C:/Users/Char/Documents/ECE_520/Fall_26/axi_gpio_caa/axi_gpio_vitis/axi_gpio_plat/export/axi_gpio_plat/sw/axi_gpio_plat/standalone_domain/qemu/
TRACE::2026-09-28.19:27:32::SCWMssOS:: Copying the user libraries. 
TRACE::2026-09-28.19:27:32::SCWPlatform::Trying to open the hw design at C:/Users/Char/Documents/ECE_520/Fall_26/axi_gpio_caa/axi_gpio_vitis/axi_gpio_plat/hw/axi_gpio_caa_wrapper.xsa
TRACE::2026-09-28.19:27:32::SCWPlatform::DSA given C:/Users/Char/Documents/ECE_520/Fall_26/axi_gpio_caa/axi_gpio_vitis/axi_gpio_plat/hw/axi_gpio_caa_wrapper.xsa
TRACE::2026-09-28.19:27:32::SCWPlatform::DSA absoulate path C:/Users/Char/Documents/ECE_520/Fall_26/axi_gpio_caa/axi_gpio_vitis/axi_gpio_plat/hw/axi_gpio_caa_wrapper.xsa
TRACE::2026-09-28.19:27:32::SCWPlatform::DSA directory C:/Users/Char/Documents/ECE_520/Fall_26/axi_gpio_caa/axi_gpio_vitis/axi_gpio_plat/hw
TRACE::2026-09-28.19:27:32::SCWPlatform:: Platform Path C:/Users/Char/Documents/ECE_520/Fall_26/axi_gpio_caa/axi_gpio_vitis/axi_gpio_plat/hw/axi_gpio_caa_wrapper.xsa
TRACE::2026-09-28.19:27:32::SCWPlatform:: Unique name xilinx:zybo-z7-10::0.0
TRACE::2026-09-28.19:27:32::SCWPlatform::Trying to set the existing hwdb with name axi_gpio_caa_wrapper_6
TRACE::2026-09-28.19:27:32::SCWPlatform::Opened existing hwdb axi_gpio_caa_wrapper_6
TRACE::2026-09-28.19:27:32::SCWPlatform::Found the Hw Db part of the input DSA
TRACE::2026-09-28.19:27:32::SCWMssOS::Checking the sw design at  C:/Users/Char/Documents/ECE_520/Fall_26/axi_gpio_caa/axi_gpio_vitis/axi_gpio_plat/ps7_cortexa9_0/standalone_domain/bsp/system.mss
TRACE::2026-09-28.19:27:32::SCWMssOS::DEBUG:  swdes dump  C:/Users/Char/Documents/ECE_520/Fall_26/axi_gpio_caa/axi_gpio_vitis/axi_gpio_plat/ps7_cortexa9_0/standalone_domain/bsp/system.mss|system_0||
C:/Users/Char/Documents/ECE_520/Fall_26/axi_gpio_caa/axi_gpio_vitis/axi_gpio_plat/zynq_fsbl/zynq_fsbl_bsp/system.mss|system||

TRACE::2026-09-28.19:27:32::SCWMssOS::Sw design exists and opened at  C:/Users/Char/Documents/ECE_520/Fall_26/axi_gpio_caa/axi_gpio_vitis/axi_gpio_plat/ps7_cortexa9_0/standalone_domain/bsp/system.mss
TRACE::2026-09-28.19:27:32::SCWMssOS::Completed writing the mss file at C:/Users/Char/Documents/ECE_520/Fall_26/axi_gpio_caa/axi_gpio_vitis/axi_gpio_plat/ps7_cortexa9_0/standalone_domain/bsp
TRACE::2026-09-28.19:27:32::SCWMssOS::Mss edits present, copying mssfile into export location C:/Users/Char/Documents/ECE_520/Fall_26/axi_gpio_caa/axi_gpio_vitis/axi_gpio_plat/ps7_cortexa9_0/standalone_domain/bsp/system.mss
TRACE::2026-09-28.19:27:32::SCWMssOS::bsp generated is upto date with the mss file. Skipping bsp generation.
TRACE::2026-09-28.19:27:32::SCWMssOS::BSP is already built. skipping the bsp build ... 
TRACE::2026-09-28.19:27:32::SCWDomain::Building the domain as part of full build :  standalone_domain
TRACE::2026-09-28.19:27:32::SCWMssOS::doing bsp build ... 
TRACE::2026-09-28.19:27:32::SCWMssOS::System Command Ran  C: & cd  C:/Users/Char/Documents/ECE_520/Fall_26/axi_gpio_caa/axi_gpio_vitis/axi_gpio_plat/ps7_cortexa9_0/standalone_domain/bsp & make 
TRACE::2026-09-28.19:27:32::SCWMssOS::make --no-print-directory seq_libs

TRACE::2026-09-28.19:27:32::SCWMssOS::'Finished building libraries sequentially.'

TRACE::2026-09-28.19:27:32::SCWMssOS::make -j 14 --no-print-directory par_libs

TRACE::2026-09-28.19:27:32::SCWMssOS::"Running Make include in ps7_cortexa9_0/libsrc/coresightps_dcc_v1_8/src"

TRACE::2026-09-28.19:27:32::SCWMssOS::make -C ps7_cortexa9_0/libsrc/coresightps_dcc_v1_8/src -s include  "SHELL=CMD" "COMPILER=arm-none-eabi-gcc" "ASSEMBLER=arm-none
TRACE::2026-09-28.19:27:32::SCWMssOS::-eabi-as" "ARCHIVER=arm-none-eabi-ar" "COMPILER_FLAGS=  -O2 -c" "EXTRA_COMPILER_FLAGS=-mcpu=cortex-a9 -mfpu=vfpv3 -mfloat-abi=h
TRACE::2026-09-28.19:27:32::SCWMssOS::ard -nostartfiles -g -Wall -Wextra -fno-tree-loop-distribute-patterns"

TRACE::2026-09-28.19:27:32::SCWMssOS::"Running Make include in ps7_cortexa9_0/libsrc/cpu_cortexa9_v2_11/src"

TRACE::2026-09-28.19:27:32::SCWMssOS::make -C ps7_cortexa9_0/libsrc/cpu_cortexa9_v2_11/src -s include  "SHELL=CMD" "COMPILER=arm-none-eabi-gcc" "ASSEMBLER=arm-none-e
TRACE::2026-09-28.19:27:32::SCWMssOS::abi-as" "ARCHIVER=arm-none-eabi-ar" "COMPILER_FLAGS=  -O2 -c" "EXTRA_COMPILER_FLAGS=-mcpu=cortex-a9 -mfpu=vfpv3 -mfloat-abi=har
TRACE::2026-09-28.19:27:32::SCWMssOS::d -nostartfiles -g -Wall -Wextra -fno-tree-loop-distribute-patterns"

TRACE::2026-09-28.19:27:32::SCWMssOS::"Running Make include in ps7_cortexa9_0/libsrc/ddrps_v1_2/src"

TRACE::2026-09-28.19:27:32::SCWMssOS::make -C ps7_cortexa9_0/libsrc/ddrps_v1_2/src -s include  "SHELL=CMD" "COMPILER=arm-none-eabi-gcc" "ASSEMBLER=arm-none-eabi-as" 
TRACE::2026-09-28.19:27:32::SCWMssOS::"ARCHIVER=arm-none-eabi-ar" "COMPILER_FLAGS=  -O2 -c" "EXTRA_COMPILER_FLAGS=-mcpu=cortex-a9 -mfpu=vfpv3 -mfloat-abi=hard -nosta
TRACE::2026-09-28.19:27:32::SCWMssOS::rtfiles -g -Wall -Wextra -fno-tree-loop-distribute-patterns"

TRACE::2026-09-28.19:27:32::SCWMssOS::"Running Make include in ps7_cortexa9_0/libsrc/devcfg_v3_7/src"

TRACE::2026-09-28.19:27:32::SCWMssOS::make -C ps7_cortexa9_0/libsrc/devcfg_v3_7/src -s include  "SHELL=CMD" "COMPILER=arm-none-eabi-gcc" "ASSEMBLER=arm-none-eabi-as"
TRACE::2026-09-28.19:27:32::SCWMssOS:: "ARCHIVER=arm-none-eabi-ar" "COMPILER_FLAGS=  -O2 -c" "EXTRA_COMPILER_FLAGS=-mcpu=cortex-a9 -mfpu=vfpv3 -mfloat-abi=hard -nost
TRACE::2026-09-28.19:27:32::SCWMssOS::artfiles -g -Wall -Wextra -fno-tree-loop-distribute-patterns"

TRACE::2026-09-28.19:27:32::SCWMssOS::"Running Make include in ps7_cortexa9_0/libsrc/dmaps_v2_8/src"

TRACE::2026-09-28.19:27:32::SCWMssOS::make -C ps7_cortexa9_0/libsrc/dmaps_v2_8/src -s include  "SHELL=CMD" "COMPILER=arm-none-eabi-gcc" "ASSEMBLER=arm-none-eabi-as" 
TRACE::2026-09-28.19:27:32::SCWMssOS::"ARCHIVER=arm-none-eabi-ar" "COMPILER_FLAGS=  -O2 -c" "EXTRA_COMPILER_FLAGS=-mcpu=cortex-a9 -mfpu=vfpv3 -mfloat-abi=hard -nosta
TRACE::2026-09-28.19:27:32::SCWMssOS::rtfiles -g -Wall -Wextra -fno-tree-loop-distribute-patterns"

TRACE::2026-09-28.19:27:32::SCWMssOS::"Running Make include in ps7_cortexa9_0/libsrc/emacps_v3_18/src"

TRACE::2026-09-28.19:27:32::SCWMssOS::make -C ps7_cortexa9_0/libsrc/emacps_v3_18/src -s include  "SHELL=CMD" "COMPILER=arm-none-eabi-gcc" "ASSEMBLER=arm-none-eabi-as
TRACE::2026-09-28.19:27:32::SCWMssOS::" "ARCHIVER=arm-none-eabi-ar" "COMPILER_FLAGS=  -O2 -c" "EXTRA_COMPILER_FLAGS=-mcpu=cortex-a9 -mfpu=vfpv3 -mfloat-abi=hard -nos
TRACE::2026-09-28.19:27:32::SCWMssOS::tartfiles -g -Wall -Wextra -fno-tree-loop-distribute-patterns"

TRACE::2026-09-28.19:27:32::SCWMssOS::"Running Make include in ps7_cortexa9_0/libsrc/gpiops_v3_11/src"

TRACE::2026-09-28.19:27:32::SCWMssOS::make -C ps7_cortexa9_0/libsrc/gpiops_v3_11/src -s include  "SHELL=CMD" "COMPILER=arm-none-eabi-gcc" "ASSEMBLER=arm-none-eabi-as
TRACE::2026-09-28.19:27:32::SCWMssOS::" "ARCHIVER=arm-none-eabi-ar" "COMPILER_FLAGS=  -O2 -c" "EXTRA_COMPILER_FLAGS=-mcpu=cortex-a9 -mfpu=vfpv3 -mfloat-abi=hard -nos
TRACE::2026-09-28.19:27:32::SCWMssOS::tartfiles -g -Wall -Wextra -fno-tree-loop-distribute-patterns"

TRACE::2026-09-28.19:27:32::SCWMssOS::"Running Make include in ps7_cortexa9_0/libsrc/gpio_v4_9/src"

TRACE::2026-09-28.19:27:32::SCWMssOS::make -C ps7_cortexa9_0/libsrc/gpio_v4_9/src -s include  "SHELL=CMD" "COMPILER=arm-none-eabi-gcc" "ASSEMBLER=arm-none-eabi-as" "
TRACE::2026-09-28.19:27:32::SCWMssOS::ARCHIVER=arm-none-eabi-ar" "COMPILER_FLAGS=  -O2 -c" "EXTRA_COMPILER_FLAGS=-mcpu=cortex-a9 -mfpu=vfpv3 -mfloat-abi=hard -nostar
TRACE::2026-09-28.19:27:32::SCWMssOS::tfiles -g -Wall -Wextra -fno-tree-loop-distribute-patterns"

TRACE::2026-09-28.19:27:32::SCWMssOS::"Running Make include in ps7_cortexa9_0/libsrc/qspips_v3_10/src"

TRACE::2026-09-28.19:27:32::SCWMssOS::make -C ps7_cortexa9_0/libsrc/qspips_v3_10/src -s include  "SHELL=CMD" "COMPILER=arm-none-eabi-gcc" "ASSEMBLER=arm-none-eabi-as
TRACE::2026-09-28.19:27:32::SCWMssOS::" "ARCHIVER=arm-none-eabi-ar" "COMPILER_FLAGS=  -O2 -c" "EXTRA_COMPILER_FLAGS=-mcpu=cortex-a9 -mfpu=vfpv3 -mfloat-abi=hard -nos
TRACE::2026-09-28.19:27:32::SCWMssOS::tartfiles -g -Wall -Wextra -fno-tree-loop-distribute-patterns"

TRACE::2026-09-28.19:27:32::SCWMssOS::"Running Make include in ps7_cortexa9_0/libsrc/scugic_v5_1/src"

TRACE::2026-09-28.19:27:32::SCWMssOS::make -C ps7_cortexa9_0/libsrc/scugic_v5_1/src -s include  "SHELL=CMD" "COMPILER=arm-none-eabi-gcc" "ASSEMBLER=arm-none-eabi-as"
TRACE::2026-09-28.19:27:32::SCWMssOS:: "ARCHIVER=arm-none-eabi-ar" "COMPILER_FLAGS=  -O2 -c" "EXTRA_COMPILER_FLAGS=-mcpu=cortex-a9 -mfpu=vfpv3 -mfloat-abi=hard -nost
TRACE::2026-09-28.19:27:32::SCWMssOS::artfiles -g -Wall -Wextra -fno-tree-loop-distribute-patterns"

TRACE::2026-09-28.19:27:32::SCWMssOS::"Running Make include in ps7_cortexa9_0/libsrc/scutimer_v2_4/src"

TRACE::2026-09-28.19:27:32::SCWMssOS::make -C ps7_cortexa9_0/libsrc/scutimer_v2_4/src -s include  "SHELL=CMD" "COMPILER=arm-none-eabi-gcc" "ASSEMBLER=arm-none-eabi-a
TRACE::2026-09-28.19:27:32::SCWMssOS::s" "ARCHIVER=arm-none-eabi-ar" "COMPILER_FLAGS=  -O2 -c" "EXTRA_COMPILER_FLAGS=-mcpu=cortex-a9 -mfpu=vfpv3 -mfloat-abi=hard -no
TRACE::2026-09-28.19:27:32::SCWMssOS::startfiles -g -Wall -Wextra -fno-tree-loop-distribute-patterns"

TRACE::2026-09-28.19:27:32::SCWMssOS::"Running Make include in ps7_cortexa9_0/libsrc/scuwdt_v2_4/src"

TRACE::2026-09-28.19:27:32::SCWMssOS::make -C ps7_cortexa9_0/libsrc/scuwdt_v2_4/src -s include  "SHELL=CMD" "COMPILER=arm-none-eabi-gcc" "ASSEMBLER=arm-none-eabi-as"
TRACE::2026-09-28.19:27:32::SCWMssOS:: "ARCHIVER=arm-none-eabi-ar" "COMPILER_FLAGS=  -O2 -c" "EXTRA_COMPILER_FLAGS=-mcpu=cortex-a9 -mfpu=vfpv3 -mfloat-abi=hard -nost
TRACE::2026-09-28.19:27:32::SCWMssOS::artfiles -g -Wall -Wextra -fno-tree-loop-distribute-patterns"

TRACE::2026-09-28.19:27:32::SCWMssOS::"Running Make include in ps7_cortexa9_0/libsrc/sdps_v4_1/src"

TRACE::2026-09-28.19:27:32::SCWMssOS::make -C ps7_cortexa9_0/libsrc/sdps_v4_1/src -s include  "SHELL=CMD" "COMPILER=arm-none-eabi-gcc" "ASSEMBLER=arm-none-eabi-as" "
TRACE::2026-09-28.19:27:32::SCWMssOS::ARCHIVER=arm-none-eabi-ar" "COMPILER_FLAGS=  -O2 -c" "EXTRA_COMPILER_FLAGS=-mcpu=cortex-a9 -mfpu=vfpv3 -mfloat-abi=hard -nostar
TRACE::2026-09-28.19:27:32::SCWMssOS::tfiles -g -Wall -Wextra -fno-tree-loop-distribute-patterns"

TRACE::2026-09-28.19:27:32::SCWMssOS::"Running Make include in ps7_cortexa9_0/libsrc/standalone_v8_1/src"

TRACE::2026-09-28.19:27:32::SCWMssOS::make -C ps7_cortexa9_0/libsrc/standalone_v8_1/src -s include  "SHELL=CMD" "COMPILER=arm-none-eabi-gcc" "ASSEMBLER=arm-none-eabi
TRACE::2026-09-28.19:27:32::SCWMssOS::-as" "ARCHIVER=arm-none-eabi-ar" "COMPILER_FLAGS=  -O2 -c" "EXTRA_COMPILER_FLAGS=-mcpu=cortex-a9 -mfpu=vfpv3 -mfloat-abi=hard -
TRACE::2026-09-28.19:27:32::SCWMssOS::nostartfiles -g -Wall -Wextra -fno-tree-loop-distribute-patterns"

TRACE::2026-09-28.19:27:32::SCWMssOS::"Running Make include in ps7_cortexa9_0/libsrc/uartps_v3_12/src"

TRACE::2026-09-28.19:27:32::SCWMssOS::make -C ps7_cortexa9_0/libsrc/uartps_v3_12/src -s include  "SHELL=CMD" "COMPILER=arm-none-eabi-gcc" "ASSEMBLER=arm-none-eabi-as
TRACE::2026-09-28.19:27:32::SCWMssOS::" "ARCHIVER=arm-none-eabi-ar" "COMPILER_FLAGS=  -O2 -c" "EXTRA_COMPILER_FLAGS=-mcpu=cortex-a9 -mfpu=vfpv3 -mfloat-abi=hard -nos
TRACE::2026-09-28.19:27:32::SCWMssOS::tartfiles -g -Wall -Wextra -fno-tree-loop-distribute-patterns"

TRACE::2026-09-28.19:27:32::SCWMssOS::"Running Make include in ps7_cortexa9_0/libsrc/usbps_v2_7/src"

TRACE::2026-09-28.19:27:32::SCWMssOS::make -C ps7_cortexa9_0/libsrc/usbps_v2_7/src -s include  "SHELL=CMD" "COMPILER=arm-none-eabi-gcc" "ASSEMBLER=arm-none-eabi-as" 
TRACE::2026-09-28.19:27:32::SCWMssOS::"ARCHIVER=arm-none-eabi-ar" "COMPILER_FLAGS=  -O2 -c" "EXTRA_COMPILER_FLAGS=-mcpu=cortex-a9 -mfpu=vfpv3 -mfloat-abi=hard -nosta
TRACE::2026-09-28.19:27:32::SCWMssOS::rtfiles -g -Wall -Wextra -fno-tree-loop-distribute-patterns"

TRACE::2026-09-28.19:27:33::SCWMssOS::"Running Make include in ps7_cortexa9_0/libsrc/xadcps_v2_6/src"

TRACE::2026-09-28.19:27:33::SCWMssOS::make -C ps7_cortexa9_0/libsrc/xadcps_v2_6/src -s include  "SHELL=CMD" "COMPILER=arm-none-eabi-gcc" "ASSEMBLER=arm-none-eabi-as"
TRACE::2026-09-28.19:27:33::SCWMssOS:: "ARCHIVER=arm-none-eabi-ar" "COMPILER_FLAGS=  -O2 -c" "EXTRA_COMPILER_FLAGS=-mcpu=cortex-a9 -mfpu=vfpv3 -mfloat-abi=hard -nost
TRACE::2026-09-28.19:27:33::SCWMssOS::artfiles -g -Wall -Wextra -fno-tree-loop-distribute-patterns"

TRACE::2026-09-28.19:27:33::SCWMssOS::"Running Make libs in ps7_cortexa9_0/libsrc/coresightps_dcc_v1_8/src"

TRACE::2026-09-28.19:27:33::SCWMssOS::make -C ps7_cortexa9_0/libsrc/coresightps_dcc_v1_8/src -s libs  "SHELL=CMD" "COMPILER=arm-none-eabi-gcc" "ASSEMBLER=arm-none-ea
TRACE::2026-09-28.19:27:33::SCWMssOS::bi-as" "ARCHIVER=arm-none-eabi-ar" "COMPILER_FLAGS=  -O2 -c" "EXTRA_COMPILER_FLAGS=-mcpu=cortex-a9 -mfpu=vfpv3 -mfloat-abi=hard
TRACE::2026-09-28.19:27:33::SCWMssOS:: -nostartfiles -g -Wall -Wextra -fno-tree-loop-distribute-patterns"

TRACE::2026-09-28.19:27:33::SCWMssOS::"Running Make libs in ps7_cortexa9_0/libsrc/cpu_cortexa9_v2_11/src"

TRACE::2026-09-28.19:27:33::SCWMssOS::"Running Make libs in ps7_cortexa9_0/libsrc/ddrps_v1_2/src"

TRACE::2026-09-28.19:27:33::SCWMssOS::make -C ps7_cortexa9_0/libsrc/cpu_cortexa9_v2_11/src -s libs  "SHELL=CMD" "COMPILER=arm-none-eabi-gcc" "ASSEMBLER=arm-none-eabi
TRACE::2026-09-28.19:27:33::SCWMssOS::-as" "ARCHIVER=arm-none-eabi-ar" "COMPILER_FLAGS=  -O2 -c" "EXTRA_COMPILER_FLAGS=-mcpu=cortex-a9 -mfpu=vfpv3 -mfloat-abi=hard -
TRACE::2026-09-28.19:27:33::SCWMssOS::nostartfiles -g -Wall -Wextra -fno-tree-loop-distribute-patterns"

TRACE::2026-09-28.19:27:33::SCWMssOS::make -C ps7_cortexa9_0/libsrc/ddrps_v1_2/src -s libs  "SHELL=CMD" "COMPILER=arm-none-eabi-gcc" "ASSEMBLER=arm-none-eabi-as" "AR
TRACE::2026-09-28.19:27:33::SCWMssOS::CHIVER=arm-none-eabi-ar" "COMPILER_FLAGS=  -O2 -c" "EXTRA_COMPILER_FLAGS=-mcpu=cortex-a9 -mfpu=vfpv3 -mfloat-abi=hard -nostartf
TRACE::2026-09-28.19:27:33::SCWMssOS::iles -g -Wall -Wextra -fno-tree-loop-distribute-patterns"

TRACE::2026-09-28.19:27:33::SCWMssOS::"Running Make libs in ps7_cortexa9_0/libsrc/devcfg_v3_7/src"

TRACE::2026-09-28.19:27:33::SCWMssOS::make -C ps7_cortexa9_0/libsrc/devcfg_v3_7/src -s libs  "SHELL=CMD" "COMPILER=arm-none-eabi-gcc" "ASSEMBLER=arm-none-eabi-as" "A
TRACE::2026-09-28.19:27:33::SCWMssOS::RCHIVER=arm-none-eabi-ar" "COMPILER_FLAGS=  -O2 -c" "EXTRA_COMPILER_FLAGS=-mcpu=cortex-a9 -mfpu=vfpv3 -mfloat-abi=hard -nostart
TRACE::2026-09-28.19:27:33::SCWMssOS::files -g -Wall -Wextra -fno-tree-loop-distribute-patterns"

TRACE::2026-09-28.19:27:33::SCWMssOS::"Running Make libs in ps7_cortexa9_0/libsrc/dmaps_v2_8/src"

TRACE::2026-09-28.19:27:33::SCWMssOS::make -C ps7_cortexa9_0/libsrc/dmaps_v2_8/src -s libs  "SHELL=CMD" "COMPILER=arm-none-eabi-gcc" "ASSEMBLER=arm-none-eabi-as" "AR
TRACE::2026-09-28.19:27:33::SCWMssOS::CHIVER=arm-none-eabi-ar" "COMPILER_FLAGS=  -O2 -c" "EXTRA_COMPILER_FLAGS=-mcpu=cortex-a9 -mfpu=vfpv3 -mfloat-abi=hard -nostartf
TRACE::2026-09-28.19:27:33::SCWMssOS::iles -g -Wall -Wextra -fno-tree-loop-distribute-patterns"

TRACE::2026-09-28.19:27:33::SCWMssOS::"Running Make libs in ps7_cortexa9_0/libsrc/emacps_v3_18/src"

TRACE::2026-09-28.19:27:33::SCWMssOS::make -C ps7_cortexa9_0/libsrc/emacps_v3_18/src -s libs  "SHELL=CMD" "COMPILER=arm-none-eabi-gcc" "ASSEMBLER=arm-none-eabi-as" "
TRACE::2026-09-28.19:27:33::SCWMssOS::ARCHIVER=arm-none-eabi-ar" "COMPILER_FLAGS=  -O2 -c" "EXTRA_COMPILER_FLAGS=-mcpu=cortex-a9 -mfpu=vfpv3 -mfloat-abi=hard -nostar
TRACE::2026-09-28.19:27:33::SCWMssOS::tfiles -g -Wall -Wextra -fno-tree-loop-distribute-patterns"

TRACE::2026-09-28.19:27:33::SCWMssOS::"Running Make libs in ps7_cortexa9_0/libsrc/gpiops_v3_11/src"

TRACE::2026-09-28.19:27:33::SCWMssOS::make -C ps7_cortexa9_0/libsrc/gpiops_v3_11/src -s libs  "SHELL=CMD" "COMPILER=arm-none-eabi-gcc" "ASSEMBLER=arm-none-eabi-as" "
TRACE::2026-09-28.19:27:33::SCWMssOS::ARCHIVER=arm-none-eabi-ar" "COMPILER_FLAGS=  -O2 -c" "EXTRA_COMPILER_FLAGS=-mcpu=cortex-a9 -mfpu=vfpv3 -mfloat-abi=hard -nostar
TRACE::2026-09-28.19:27:33::SCWMssOS::tfiles -g -Wall -Wextra -fno-tree-loop-distribute-patterns"

TRACE::2026-09-28.19:27:33::SCWMssOS::"Running Make libs in ps7_cortexa9_0/libsrc/gpio_v4_9/src"

TRACE::2026-09-28.19:27:33::SCWMssOS::make -C ps7_cortexa9_0/libsrc/gpio_v4_9/src -s libs  "SHELL=CMD" "COMPILER=arm-none-eabi-gcc" "ASSEMBLER=arm-none-eabi-as" "ARC
TRACE::2026-09-28.19:27:33::SCWMssOS::HIVER=arm-none-eabi-ar" "COMPILER_FLAGS=  -O2 -c" "EXTRA_COMPILER_FLAGS=-mcpu=cortex-a9 -mfpu=vfpv3 -mfloat-abi=hard -nostartfi
TRACE::2026-09-28.19:27:33::SCWMssOS::les -g -Wall -Wextra -fno-tree-loop-distribute-patterns"

TRACE::2026-09-28.19:27:33::SCWMssOS::"Running Make libs in ps7_cortexa9_0/libsrc/qspips_v3_10/src"

TRACE::2026-09-28.19:27:33::SCWMssOS::make -C ps7_cortexa9_0/libsrc/qspips_v3_10/src -s libs  "SHELL=CMD" "COMPILER=arm-none-eabi-gcc" "ASSEMBLER=arm-none-eabi-as" "
TRACE::2026-09-28.19:27:33::SCWMssOS::ARCHIVER=arm-none-eabi-ar" "COMPILER_FLAGS=  -O2 -c" "EXTRA_COMPILER_FLAGS=-mcpu=cortex-a9 -mfpu=vfpv3 -mfloat-abi=hard -nostar
TRACE::2026-09-28.19:27:33::SCWMssOS::tfiles -g -Wall -Wextra -fno-tree-loop-distribute-patterns"

TRACE::2026-09-28.19:27:33::SCWMssOS::"Running Make libs in ps7_cortexa9_0/libsrc/scugic_v5_1/src"

TRACE::2026-09-28.19:27:33::SCWMssOS::make -C ps7_cortexa9_0/libsrc/scugic_v5_1/src -s libs  "SHELL=CMD" "COMPILER=arm-none-eabi-gcc" "ASSEMBLER=arm-none-eabi-as" "A
TRACE::2026-09-28.19:27:33::SCWMssOS::RCHIVER=arm-none-eabi-ar" "COMPILER_FLAGS=  -O2 -c" "EXTRA_COMPILER_FLAGS=-mcpu=cortex-a9 -mfpu=vfpv3 -mfloat-abi=hard -nostart
TRACE::2026-09-28.19:27:33::SCWMssOS::files -g -Wall -Wextra -fno-tree-loop-distribute-patterns"

TRACE::2026-09-28.19:27:33::SCWMssOS::"Running Make libs in ps7_cortexa9_0/libsrc/scutimer_v2_4/src"

TRACE::2026-09-28.19:27:33::SCWMssOS::make -C ps7_cortexa9_0/libsrc/scutimer_v2_4/src -s libs  "SHELL=CMD" "COMPILER=arm-none-eabi-gcc" "ASSEMBLER=arm-none-eabi-as" 
TRACE::2026-09-28.19:27:33::SCWMssOS::"ARCHIVER=arm-none-eabi-ar" "COMPILER_FLAGS=  -O2 -c" "EXTRA_COMPILER_FLAGS=-mcpu=cortex-a9 -mfpu=vfpv3 -mfloat-abi=hard -nosta
TRACE::2026-09-28.19:27:33::SCWMssOS::rtfiles -g -Wall -Wextra -fno-tree-loop-distribute-patterns"

TRACE::2026-09-28.19:27:33::SCWMssOS::"Running Make libs in ps7_cortexa9_0/libsrc/scuwdt_v2_4/src"

TRACE::2026-09-28.19:27:33::SCWMssOS::make -C ps7_cortexa9_0/libsrc/scuwdt_v2_4/src -s libs  "SHELL=CMD" "COMPILER=arm-none-eabi-gcc" "ASSEMBLER=arm-none-eabi-as" "A
TRACE::2026-09-28.19:27:33::SCWMssOS::RCHIVER=arm-none-eabi-ar" "COMPILER_FLAGS=  -O2 -c" "EXTRA_COMPILER_FLAGS=-mcpu=cortex-a9 -mfpu=vfpv3 -mfloat-abi=hard -nostart
TRACE::2026-09-28.19:27:33::SCWMssOS::files -g -Wall -Wextra -fno-tree-loop-distribute-patterns"

TRACE::2026-09-28.19:27:33::SCWMssOS::"Running Make libs in ps7_cortexa9_0/libsrc/sdps_v4_1/src"

TRACE::2026-09-28.19:27:33::SCWMssOS::make -C ps7_cortexa9_0/libsrc/sdps_v4_1/src -s libs  "SHELL=CMD" "COMPILER=arm-none-eabi-gcc" "ASSEMBLER=arm-none-eabi-as" "ARC
TRACE::2026-09-28.19:27:33::SCWMssOS::HIVER=arm-none-eabi-ar" "COMPILER_FLAGS=  -O2 -c" "EXTRA_COMPILER_FLAGS=-mcpu=cortex-a9 -mfpu=vfpv3 -mfloat-abi=hard -nostartfi
TRACE::2026-09-28.19:27:33::SCWMssOS::les -g -Wall -Wextra -fno-tree-loop-distribute-patterns"

TRACE::2026-09-28.19:27:34::SCWMssOS::"Running Make libs in ps7_cortexa9_0/libsrc/standalone_v8_1/src"

TRACE::2026-09-28.19:27:34::SCWMssOS::make -C ps7_cortexa9_0/libsrc/standalone_v8_1/src -s libs  "SHELL=CMD" "COMPILER=arm-none-eabi-gcc" "ASSEMBLER=arm-none-eabi-as
TRACE::2026-09-28.19:27:34::SCWMssOS::" "ARCHIVER=arm-none-eabi-ar" "COMPILER_FLAGS=  -O2 -c" "EXTRA_COMPILER_FLAGS=-mcpu=cortex-a9 -mfpu=vfpv3 -mfloat-abi=hard -nos
TRACE::2026-09-28.19:27:34::SCWMssOS::tartfiles -g -Wall -Wextra -fno-tree-loop-distribute-patterns"

TRACE::2026-09-28.19:27:34::SCWMssOS::"Running Make libs in ps7_cortexa9_0/libsrc/uartps_v3_12/src"

TRACE::2026-09-28.19:27:34::SCWMssOS::make -C ps7_cortexa9_0/libsrc/uartps_v3_12/src -s libs  "SHELL=CMD" "COMPILER=arm-none-eabi-gcc" "ASSEMBLER=arm-none-eabi-as" "
TRACE::2026-09-28.19:27:34::SCWMssOS::ARCHIVER=arm-none-eabi-ar" "COMPILER_FLAGS=  -O2 -c" "EXTRA_COMPILER_FLAGS=-mcpu=cortex-a9 -mfpu=vfpv3 -mfloat-abi=hard -nostar
TRACE::2026-09-28.19:27:34::SCWMssOS::tfiles -g -Wall -Wextra -fno-tree-loop-distribute-patterns"

TRACE::2026-09-28.19:27:34::SCWMssOS::"Running Make libs in ps7_cortexa9_0/libsrc/usbps_v2_7/src"

TRACE::2026-09-28.19:27:34::SCWMssOS::make -C ps7_cortexa9_0/libsrc/usbps_v2_7/src -s libs  "SHELL=CMD" "COMPILER=arm-none-eabi-gcc" "ASSEMBLER=arm-none-eabi-as" "AR
TRACE::2026-09-28.19:27:34::SCWMssOS::CHIVER=arm-none-eabi-ar" "COMPILER_FLAGS=  -O2 -c" "EXTRA_COMPILER_FLAGS=-mcpu=cortex-a9 -mfpu=vfpv3 -mfloat-abi=hard -nostartf
TRACE::2026-09-28.19:27:34::SCWMssOS::iles -g -Wall -Wextra -fno-tree-loop-distribute-patterns"

TRACE::2026-09-28.19:27:34::SCWMssOS::"Running Make libs in ps7_cortexa9_0/libsrc/xadcps_v2_6/src"

TRACE::2026-09-28.19:27:34::SCWMssOS::make -C ps7_cortexa9_0/libsrc/xadcps_v2_6/src -s libs  "SHELL=CMD" "COMPILER=arm-none-eabi-gcc" "ASSEMBLER=arm-none-eabi-as" "A
TRACE::2026-09-28.19:27:34::SCWMssOS::RCHIVER=arm-none-eabi-ar" "COMPILER_FLAGS=  -O2 -c" "EXTRA_COMPILER_FLAGS=-mcpu=cortex-a9 -mfpu=vfpv3 -mfloat-abi=hard -nostart
TRACE::2026-09-28.19:27:34::SCWMssOS::files -g -Wall -Wextra -fno-tree-loop-distribute-patterns"

TRACE::2026-09-28.19:27:35::SCWMssOS::'Finished building libraries parallelly.'

TRACE::2026-09-28.19:27:35::SCWMssOS::make --no-print-directory archive

TRACE::2026-09-28.19:27:35::SCWMssOS::arm-none-eabi-ar -r  ps7_cortexa9_0/lib/libxil.a ps7_cortexa9_0/lib/_exit.o ps7_cortexa9_0/lib/_open.o ps7_cortexa9_0/lib/_sbrk
TRACE::2026-09-28.19:27:35::SCWMssOS::.o ps7_cortexa9_0/lib/abort.o ps7_cortexa9_0/lib/asm_vectors.o ps7_cortexa9_0/lib/boot.o ps7_cortexa9_0/lib/close.o ps7_cortexa
TRACE::2026-09-28.19:27:35::SCWMssOS::9_0/lib/cpputest_time.o ps7_cortexa9_0/lib/cpu_init.o ps7_cortexa9_0/lib/errno.o ps7_cortexa9_0/lib/fcntl.o ps7_cortexa9_0/lib/
TRACE::2026-09-28.19:27:35::SCWMssOS::fstat.o ps7_cortexa9_0/lib/getentropy.o ps7_cortexa9_0/lib/getpid.o ps7_cortexa9_0/lib/inbyte.o ps7_cortexa9_0/lib/isatty.o ps7
TRACE::2026-09-28.19:27:35::SCWMssOS::_cortexa9_0/lib/kill.o ps7_cortexa9_0/lib/lseek.o ps7_cortexa9_0/lib/open.o ps7_cortexa9_0/lib/outbyte.o ps7_cortexa9_0/lib/pri
TRACE::2026-09-28.19:27:35::SCWMssOS::nt.o ps7_cortexa9_0/lib/putnum.o ps7_cortexa9_0/lib/read.o ps7_cortexa9_0/lib/sbrk.o ps7_cortexa9_0/lib/sleep.o ps7_cortexa9_0/
TRACE::2026-09-28.19:27:35::SCWMssOS::lib/time.o ps7_cortexa9_0/lib/translation_table.o ps7_cortexa9_0/lib/unlink.o ps7_cortexa9_0/lib/usleep.o ps7_cortexa9_0/lib/ve
TRACE::2026-09-28.19:27:35::SCWMssOS::ctors.o ps7_cortexa9_0/lib/write.o ps7_cortexa9_0/lib/xadcps.o ps7_cortexa9_0/lib/xadcps_g.o ps7_cortexa9_0/lib/xadcps_intr.o p
TRACE::2026-09-28.19:27:35::SCWMssOS::s7_cortexa9_0/lib/xadcps_selftest.o ps7_cortexa9_0/lib/xadcps_sinit.o ps7_cortexa9_0/lib/xcoresightpsdcc.o ps7_cortexa9_0/lib/x
TRACE::2026-09-28.19:27:35::SCWMssOS::devcfg.o ps7_cortexa9_0/lib/xdevcfg_g.o ps7_cortexa9_0/lib/xdevcfg_hw.o ps7_cortexa9_0/lib/xdevcfg_intr.o ps7_cortexa9_0/lib/xd
TRACE::2026-09-28.19:27:35::SCWMssOS::evcfg_selftest.o ps7_cortexa9_0/lib/xdevcfg_sinit.o ps7_cortexa9_0/lib/xdmaps.o ps7_cortexa9_0/lib/xdmaps_g.o ps7_cortexa9_0/li
TRACE::2026-09-28.19:27:35::SCWMssOS::b/xdmaps_hw.o ps7_cortexa9_0/lib/xdmaps_selftest.o ps7_cortexa9_0/lib/xdmaps_sinit.o ps7_cortexa9_0/lib/xemacps.o ps7_cortexa9_
TRACE::2026-09-28.19:27:35::SCWMssOS::0/lib/xemacps_bdring.o ps7_cortexa9_0/lib/xemacps_control.o ps7_cortexa9_0/lib/xemacps_g.o ps7_cortexa9_0/lib/xemacps_hw.o ps7_
TRACE::2026-09-28.19:27:35::SCWMssOS::cortexa9_0/lib/xemacps_intr.o ps7_cortexa9_0/lib/xemacps_sinit.o ps7_cortexa9_0/lib/xgpio.o ps7_cortexa9_0/lib/xgpio_extra.o ps
TRACE::2026-09-28.19:27:35::SCWMssOS::7_cortexa9_0/lib/xgpio_g.o ps7_cortexa9_0/lib/xgpio_intr.o ps7_cortexa9_0/lib/xgpio_selftest.o ps7_cortexa9_0/lib/xgpio_sinit.o
TRACE::2026-09-28.19:27:35::SCWMssOS:: ps7_cortexa9_0/lib/xgpiops.o ps7_cortexa9_0/lib/xgpiops_g.o ps7_cortexa9_0/lib/xgpiops_hw.o ps7_cortexa9_0/lib/xgpiops_intr.o 
TRACE::2026-09-28.19:27:35::SCWMssOS::ps7_cortexa9_0/lib/xgpiops_selftest.o ps7_cortexa9_0/lib/xgpiops_sinit.o ps7_cortexa9_0/lib/xil-crt0.o ps7_cortexa9_0/lib/xil_a
TRACE::2026-09-28.19:27:35::SCWMssOS::ssert.o ps7_cortexa9_0/lib/xil_cache.o ps7_cortexa9_0/lib/xil_clocking.o ps7_cortexa9_0/lib/xil_exception.o ps7_cortexa9_0/lib/
TRACE::2026-09-28.19:27:35::SCWMssOS::xil_mem.o ps7_cortexa9_0/lib/xil_misc_psreset_api.o ps7_cortexa9_0/lib/xil_mmu.o ps7_cortexa9_0/lib/xil_printf.o ps7_cortexa9_0
TRACE::2026-09-28.19:27:35::SCWMssOS::/lib/xil_sleepcommon.o ps7_cortexa9_0/lib/xil_sleeptimer.o ps7_cortexa9_0/lib/xil_spinlock.o ps7_cortexa9_0/lib/xil_testcache.o
TRACE::2026-09-28.19:27:35::SCWMssOS:: ps7_cortexa9_0/lib/xil_testio.o ps7_cortexa9_0/lib/xil_testmem.o ps7_cortexa9_0/lib/xil_util.o ps7_cortexa9_0/lib/xinterrupt_w
TRACE::2026-09-28.19:27:35::SCWMssOS::rap.o ps7_cortexa9_0/lib/xl2cc_counter.o ps7_cortexa9_0/lib/xplatform_info.o ps7_cortexa9_0/lib/xpm_counter.o ps7_cortexa9_0/li
TRACE::2026-09-28.19:27:35::SCWMssOS::b/xqspips.o ps7_cortexa9_0/lib/xqspips_g.o ps7_cortexa9_0/lib/xqspips_hw.o ps7_cortexa9_0/lib/xqspips_options.o ps7_cortexa9_0/
TRACE::2026-09-28.19:27:35::SCWMssOS::lib/xqspips_selftest.o ps7_cortexa9_0/lib/xqspips_sinit.o ps7_cortexa9_0/lib/xscugic.o ps7_cortexa9_0/lib/xscugic_g.o ps7_corte
TRACE::2026-09-28.19:27:35::SCWMssOS::xa9_0/lib/xscugic_hw.o ps7_cortexa9_0/lib/xscugic_intr.o ps7_cortexa9_0/lib/xscugic_selftest.o ps7_cortexa9_0/lib/xscugic_sinit
TRACE::2026-09-28.19:27:35::SCWMssOS::.o ps7_cortexa9_0/lib/xscutimer.o ps7_cortexa9_0/lib/xscutimer_g.o ps7_cortexa9_0/lib/xscutimer_selftest.o ps7_cortexa9_0/lib/x
TRACE::2026-09-28.19:27:35::SCWMssOS::scutimer_sinit.o ps7_cortexa9_0/lib/xscuwdt.o ps7_cortexa9_0/lib/xscuwdt_g.o ps7_cortexa9_0/lib/xscuwdt_selftest.o ps7_cortexa9
TRACE::2026-09-28.19:27:35::SCWMssOS::_0/lib/xscuwdt_sinit.o ps7_cortexa9_0/lib/xsdps.o ps7_cortexa9_0/lib/xsdps_card.o ps7_cortexa9_0/lib/xsdps_g.o ps7_cortexa9_0/l
TRACE::2026-09-28.19:27:35::SCWMssOS::ib/xsdps_host.o ps7_cortexa9_0/lib/xsdps_options.o ps7_cortexa9_0/lib/xsdps_sinit.o ps7_cortexa9_0/lib/xtime_l.o ps7_cortexa9_0
TRACE::2026-09-28.19:27:35::SCWMssOS::/lib/xuartps.o ps7_cortexa9_0/lib/xuartps_g.o ps7_cortexa9_0/lib/xuartps_hw.o ps7_cortexa9_0/lib/xuartps_intr.o ps7_cortexa9_0/
TRACE::2026-09-28.19:27:35::SCWMssOS::lib/xuartps_options.o ps7_cortexa9_0/lib/xuartps_selftest.o ps7_cortexa9_0/lib/xuartps_sinit.o ps7_cortexa9_0/lib/xusbps.o ps7_
TRACE::2026-09-28.19:27:35::SCWMssOS::cortexa9_0/lib/xusbps_endpoint.o ps7_cortexa9_0/lib/xusbps_g.o ps7_cortexa9_0/lib/xusbps_hw.o ps7_cortexa9_0/lib/xusbps_intr.o 
TRACE::2026-09-28.19:27:35::SCWMssOS::ps7_cortexa9_0/lib/xusbps_sinit.o

TRACE::2026-09-28.19:27:35::SCWMssOS::'Finished building libraries'

TRACE::2026-09-28.19:27:35::SCWMssOS::Copying to export directory.
TRACE::2026-09-28.19:27:36::SCWMssOS:: Checking if to create the Supporting Applications
TRACE::2026-09-28.19:27:36::SCWMssOS:: No Linux domain exists, trying to generate FSBL 
LOG::2026-09-28.19:27:36::SCWSystem::Completed Processing the domain standalone_domain
LOG::2026-09-28.19:27:36::SCWSystem::Completed Processing the sysconfig axi_gpio_plat
LOG::2026-09-28.19:27:36::SCWPlatform::Completed generating the artifacts for system configuration axi_gpio_plat
TRACE::2026-09-28.19:27:36::SCWPlatform::Started preparing the platform 
TRACE::2026-09-28.19:27:36::SCWSystem::Writing the bif file for system config axi_gpio_plat
TRACE::2026-09-28.19:27:36::SCWSystem::dir created 
TRACE::2026-09-28.19:27:36::SCWSystem::Writing the bif 
TRACE::2026-09-28.19:27:36::SCWPlatform::Started writing the spfm file 
TRACE::2026-09-28.19:27:36::SCWPlatform::Started writing the xpfm file 
TRACE::2026-09-28.19:27:36::SCWPlatform::Completed generating the platform
TRACE::2026-09-28.19:27:36::SCWMssOS::Saving the mss changes C:/Users/Char/Documents/ECE_520/Fall_26/axi_gpio_caa/axi_gpio_vitis/axi_gpio_plat/zynq_fsbl/zynq_fsbl_bsp/system.mss
TRACE::2026-09-28.19:27:36::SCWMssOS::Found a swdesign opened with the mssfile.
TRACE::2026-09-28.19:27:36::SCWMssOS::Completed writemss as part of save.
TRACE::2026-09-28.19:27:36::SCWMssOS::Commit changes completed.
TRACE::2026-09-28.19:27:36::SCWMssOS::Saving the mss changes C:/Users/Char/Documents/ECE_520/Fall_26/axi_gpio_caa/axi_gpio_vitis/axi_gpio_plat/ps7_cortexa9_0/standalone_domain/bsp/system.mss
TRACE::2026-09-28.19:27:36::SCWMssOS::Found a swdesign opened with the mssfile.
TRACE::2026-09-28.19:27:36::SCWMssOS::Completed writemss as part of save.
TRACE::2026-09-28.19:27:36::SCWMssOS::Commit changes completed.
TRACE::2026-09-28.19:27:36::SCWPlatform::Trying to open the hw design at C:/Users/Char/Documents/ECE_520/Fall_26/axi_gpio_caa/axi_gpio_vitis/axi_gpio_plat/hw/axi_gpio_caa_wrapper.xsa
TRACE::2026-09-28.19:27:36::SCWPlatform::DSA given C:/Users/Char/Documents/ECE_520/Fall_26/axi_gpio_caa/axi_gpio_vitis/axi_gpio_plat/hw/axi_gpio_caa_wrapper.xsa
TRACE::2026-09-28.19:27:36::SCWPlatform::DSA absoulate path C:/Users/Char/Documents/ECE_520/Fall_26/axi_gpio_caa/axi_gpio_vitis/axi_gpio_plat/hw/axi_gpio_caa_wrapper.xsa
TRACE::2026-09-28.19:27:36::SCWPlatform::DSA directory C:/Users/Char/Documents/ECE_520/Fall_26/axi_gpio_caa/axi_gpio_vitis/axi_gpio_plat/hw
TRACE::2026-09-28.19:27:36::SCWPlatform:: Platform Path C:/Users/Char/Documents/ECE_520/Fall_26/axi_gpio_caa/axi_gpio_vitis/axi_gpio_plat/hw/axi_gpio_caa_wrapper.xsa
TRACE::2026-09-28.19:27:36::SCWPlatform:: Unique name xilinx:zybo-z7-10::0.0
TRACE::2026-09-28.19:27:36::SCWPlatform::Trying to set the existing hwdb with name axi_gpio_caa_wrapper_6
TRACE::2026-09-28.19:27:36::SCWPlatform::Opened existing hwdb axi_gpio_caa_wrapper_6
TRACE::2026-09-28.19:27:36::SCWPlatform::Found the Hw Db part of the input DSA
TRACE::2026-09-28.19:27:36::SCWMssOS::Checking the sw design at  C:/Users/Char/Documents/ECE_520/Fall_26/axi_gpio_caa/axi_gpio_vitis/axi_gpio_plat/zynq_fsbl/zynq_fsbl_bsp/system.mss
TRACE::2026-09-28.19:27:36::SCWMssOS::DEBUG:  swdes dump  C:/Users/Char/Documents/ECE_520/Fall_26/axi_gpio_caa/axi_gpio_vitis/axi_gpio_plat/ps7_cortexa9_0/standalone_domain/bsp/system.mss|system_0||
C:/Users/Char/Documents/ECE_520/Fall_26/axi_gpio_caa/axi_gpio_vitis/axi_gpio_plat/zynq_fsbl/zynq_fsbl_bsp/system.mss|system||

TRACE::2026-09-28.19:27:36::SCWMssOS::Sw design exists and opened at  C:/Users/Char/Documents/ECE_520/Fall_26/axi_gpio_caa/axi_gpio_vitis/axi_gpio_plat/zynq_fsbl/zynq_fsbl_bsp/system.mss
TRACE::2026-09-28.19:27:36::SCWPlatform::Trying to open the hw design at C:/Users/Char/Documents/ECE_520/Fall_26/axi_gpio_caa/axi_gpio_vitis/axi_gpio_plat/hw/axi_gpio_caa_wrapper.xsa
TRACE::2026-09-28.19:27:36::SCWPlatform::DSA given C:/Users/Char/Documents/ECE_520/Fall_26/axi_gpio_caa/axi_gpio_vitis/axi_gpio_plat/hw/axi_gpio_caa_wrapper.xsa
TRACE::2026-09-28.19:27:36::SCWPlatform::DSA absoulate path C:/Users/Char/Documents/ECE_520/Fall_26/axi_gpio_caa/axi_gpio_vitis/axi_gpio_plat/hw/axi_gpio_caa_wrapper.xsa
TRACE::2026-09-28.19:27:36::SCWPlatform::DSA directory C:/Users/Char/Documents/ECE_520/Fall_26/axi_gpio_caa/axi_gpio_vitis/axi_gpio_plat/hw
TRACE::2026-09-28.19:27:36::SCWPlatform:: Platform Path C:/Users/Char/Documents/ECE_520/Fall_26/axi_gpio_caa/axi_gpio_vitis/axi_gpio_plat/hw/axi_gpio_caa_wrapper.xsa
TRACE::2026-09-28.19:27:36::SCWPlatform:: Unique name xilinx:zybo-z7-10::0.0
TRACE::2026-09-28.19:27:36::SCWPlatform::Trying to set the existing hwdb with name axi_gpio_caa_wrapper_6
TRACE::2026-09-28.19:27:36::SCWPlatform::Opened existing hwdb axi_gpio_caa_wrapper_6
TRACE::2026-09-28.19:27:36::SCWPlatform::Found the Hw Db part of the input DSA
TRACE::2026-09-28.19:27:36::SCWMssOS::Checking the sw design at  C:/Users/Char/Documents/ECE_520/Fall_26/axi_gpio_caa/axi_gpio_vitis/axi_gpio_plat/ps7_cortexa9_0/standalone_domain/bsp/system.mss
TRACE::2026-09-28.19:27:36::SCWMssOS::DEBUG:  swdes dump  C:/Users/Char/Documents/ECE_520/Fall_26/axi_gpio_caa/axi_gpio_vitis/axi_gpio_plat/ps7_cortexa9_0/standalone_domain/bsp/system.mss|system_0||
C:/Users/Char/Documents/ECE_520/Fall_26/axi_gpio_caa/axi_gpio_vitis/axi_gpio_plat/zynq_fsbl/zynq_fsbl_bsp/system.mss|system||

TRACE::2026-09-28.19:27:36::SCWMssOS::Sw design exists and opened at  C:/Users/Char/Documents/ECE_520/Fall_26/axi_gpio_caa/axi_gpio_vitis/axi_gpio_plat/ps7_cortexa9_0/standalone_domain/bsp/system.mss
TRACE::2026-09-28.19:27:36::SCWWriter::formatted JSON is {
	"platformName":	"axi_gpio_plat",
	"sprVersion":	"2.0",
	"mode":	"gui",
	"dsaType":	"Fixed",
	"platformDesc":	"axi_gpio_plat",
	"platHandOff":	"C:/Users/Char/Documents/ECE_520/Fall_26/axi_gpio_caa/axi_gpio_caa_wrapper.xsa",
	"platIntHandOff":	"<platformDir>/hw/axi_gpio_caa_wrapper.xsa",
	"deviceType":	"zynq",
	"platIsPrebuiltAutogen":	"false",
	"platIsNoBootBsp":	"false",
	"hasFsblMakeHasChanges":	"false",
	"hasPmufwMakeHasChanges":	"false",
	"fsblExtraCompilerFlags":	"-MMD -MP       -mcpu=cortex-a9 -mfpu=vfpv3 -mfloat-abi=hard ",
	"platPreBuiltFlag":	false,
	"platformSamplesDir":	"",
	"platActiveSys":	"axi_gpio_plat",
	"systems":	[{
			"systemName":	"axi_gpio_plat",
			"systemDesc":	"axi_gpio_plat",
			"sysIsBootAutoGen":	"true",
			"systemDispName":	"axi_gpio_plat",
			"sysActiveDom":	"standalone_domain",
			"sysDefaultDom":	"standalone_domain",
			"domains":	[{
					"domainName":	"zynq_fsbl",
					"domainDispName":	"zynq_fsbl",
					"domainDesc":	"FSBL Application BSP - Auto Generated.",
					"processors":	"ps7_cortexa9_0",
					"os":	"standalone",
					"sdxOs":	"standalone",
					"debugEnable":	"",
					"domRuntimes":	["cpp"],
					"swRepo":	"",
					"mssOsVer":	"8.1",
					"mssFile":	"",
					"md5Digest":	"65693ccea2e90031f2dc4733d5bd991b",
					"compatibleApp":	"zynq_fsbl",
					"domType":	"bootDomain",
					"arch":	"32-bit",
					"appSettings":	{
						"appCompilerFlags":	"",
						"appLinkerFlags":	""
					},
					"addedLibs":	["xilffs:5.0", "xilrsa:1.6"],
					"libOptions":	{
						"libsContainingOptions":	[]
					},
					"prebuiltLibs":	{
						"prebuiltIncPath":	[],
						"prebuiltLibPath":	[]
					},
					"isolation":	{
					}
				}, {
					"domainName":	"standalone_domain",
					"domainDispName":	"standalone on ps7_cortexa9_0",
					"domainDesc":	"standalone_domain",
					"processors":	"ps7_cortexa9_0",
					"os":	"standalone",
					"sdxOs":	"standalone",
					"qemuArgs":	"<platformDir>/resources/axi_gpio_plat/standalone_domain/qemu_args.txt",
					"qemuData":	"<platformDir>/resources/axi_gpio_plat/standalone_domain/qemu",
					"debugEnable":	"False",
					"domRuntimes":	["cpp"],
					"swRepo":	"",
					"mssOsVer":	"8.1",
					"mssFile":	"",
					"md5Digest":	"a82e1019665bce3dce07707172bb4370",
					"compatibleApp":	"",
					"domType":	"mssDomain",
					"appSettings":	{
						"appCompilerFlags":	"",
						"appLinkerFlags":	""
					},
					"addedLibs":	[],
					"libOptions":	{
						"libsContainingOptions":	[]
					},
					"prebuiltLibs":	{
						"prebuiltIncPath":	[],
						"prebuiltLibPath":	[]
					},
					"isolation":	{
					}
				}]
		}]
}
KEYINFO::2026-09-28.19:27:36::SCWPlatform::updated the xpfm file.
TRACE::2026-09-28.19:27:36::SCWPlatform::Trying to open the hw design at C:/Users/Char/Documents/ECE_520/Fall_26/axi_gpio_caa/axi_gpio_vitis/axi_gpio_plat/hw/axi_gpio_caa_wrapper.xsa
TRACE::2026-09-28.19:27:36::SCWPlatform::DSA given C:/Users/Char/Documents/ECE_520/Fall_26/axi_gpio_caa/axi_gpio_vitis/axi_gpio_plat/hw/axi_gpio_caa_wrapper.xsa
TRACE::2026-09-28.19:27:36::SCWPlatform::DSA absoulate path C:/Users/Char/Documents/ECE_520/Fall_26/axi_gpio_caa/axi_gpio_vitis/axi_gpio_plat/hw/axi_gpio_caa_wrapper.xsa
TRACE::2026-09-28.19:27:36::SCWPlatform::DSA directory C:/Users/Char/Documents/ECE_520/Fall_26/axi_gpio_caa/axi_gpio_vitis/axi_gpio_plat/hw
TRACE::2026-09-28.19:27:36::SCWPlatform:: Platform Path C:/Users/Char/Documents/ECE_520/Fall_26/axi_gpio_caa/axi_gpio_vitis/axi_gpio_plat/hw/axi_gpio_caa_wrapper.xsa
TRACE::2026-09-28.19:27:36::SCWPlatform:: Unique name xilinx:zybo-z7-10::0.0
TRACE::2026-09-28.19:27:36::SCWPlatform::Trying to set the existing hwdb with name axi_gpio_caa_wrapper_6
TRACE::2026-09-28.19:27:36::SCWPlatform::Opened existing hwdb axi_gpio_caa_wrapper_6
TRACE::2026-09-28.19:27:36::SCWPlatform::Found the Hw Db part of the input DSA
TRACE::2026-09-28.19:27:36::SCWMssOS::Checking the sw design at  C:/Users/Char/Documents/ECE_520/Fall_26/axi_gpio_caa/axi_gpio_vitis/axi_gpio_plat/ps7_cortexa9_0/standalone_domain/bsp/system.mss
TRACE::2026-09-28.19:27:36::SCWMssOS::DEBUG:  swdes dump  C:/Users/Char/Documents/ECE_520/Fall_26/axi_gpio_caa/axi_gpio_vitis/axi_gpio_plat/ps7_cortexa9_0/standalone_domain/bsp/system.mss|system_0||
C:/Users/Char/Documents/ECE_520/Fall_26/axi_gpio_caa/axi_gpio_vitis/axi_gpio_plat/zynq_fsbl/zynq_fsbl_bsp/system.mss|system||

TRACE::2026-09-28.19:27:36::SCWMssOS::Sw design exists and opened at  C:/Users/Char/Documents/ECE_520/Fall_26/axi_gpio_caa/axi_gpio_vitis/axi_gpio_plat/ps7_cortexa9_0/standalone_domain/bsp/system.mss
